Country,Group,Prevalance..primary.,X95..CI.min,X95..CI.max,Prevalance..primary...secondary.,X95..CI.min.1,X95..CI.max.1,Code,X1960,X1961,X1962,X1963,X1964,X1965,X1966,X1967,X1968,X1969,X1970,X1971,X1972,X1973,X1974,X1975,X1976,X1977,X1978,X1979,X1980,X1981,X1982,X1983,X1984,X1985,X1986,X1987,X1988,X1989,X1990,X1991,X1992,X1993,X1994,X1995,X1996,X1997,X1998,X1999,X2000,X2001,X2002,X2003,X2004,X2005,X2006,X2007,X2008,X2009,X2010,X2011,X2012,X2013,X2014,X2015,X2016,X2017,X2018,X2019,X2020,X2021
Afghanistan,Asia,0.82,0.79,0.86,0,0,0,AFG,32.5346,33.0681,33.5471,34.0162,34.4942,34.9528,35.4531,35.924,36.4183,36.9101,37.4178,37.9233,38.4439,39.0029,39.5498,40.1003,40.6454,41.2278,40.2712,39.0861,39.6181,40.164,37.7661,38.1865,33.3289,33.5504,39.3962,39.8436,43.9579,45.1582,45.9672,46.6631,47.5955,51.4664,51.4945,52.5442,53.2433,53.6342,52.9431,54.8464,55.2978,55.7981,56.4538,57.3445,57.9436,58.3608,58.6844,59.1113,59.8515,60.3636,60.8508,61.4191,61.923,62.4167,62.5451,62.6587,63.1361,63.016,63.081,63.5645,62.5751,61.9824
Cambodia,Asia,0.68,0.66,0.71,0.42,0.35,0.49,KHM,42.3608,42.7923,43.316,43.8981,44.3979,44.7895,45.3626,45.5135,45.7934,46.2414,39.1286,39.5071,40.2237,40.0243,39.8028,11.9951,12.0128,28.9102,36.9823,42.2788,47.5696,48.18,48.7362,49.4851,50.2353,51.0406,51.5062,53.4541,54.2759,54.7976,55.4341,55.7927,56.0214,56.0803,56.0355,56.3076,56.3458,56.7434,57.0275,57.69,58.6253,59.9664,61.2262,62.5229,63.5524,64.2933,65.0593,65.7314,66.4698,67.4439,67.7123,68.4163,68.9149,69.3042,69.7364,69.8725,70.2244,70.5153,70.5609,70.6923,70.416,69.5835
China,Asia,0.85,0.83,0.86,0.85,0.83,0.86,CHN,33.2749,40.4683,50.8184,51.4082,52.1561,52.9118,53.6368,54.3512,55.0569,55.7382,56.607,57.5653,58.4184,59.3891,60.1683,60.917,61.7956,62.5379,63.2177,63.8649,64.4198,64.9755,65.4627,65.9045,66.3004,66.6434,66.9697,67.2876,67.5808,67.8378,68.0052,68.1688,68.7345,69.2164,69.5201,70.008,70.2659,70.672,71.1721,71.4188,71.8807,72.6061,72.985,73.3714,73.7477,74.1111,74.5037,74.7619,74.8719,75.3434,75.5991,75.9032,76.1923,76.4523,76.7173,76.9771,77.2177,77.2476,77.7444,77.968,78.0766,78.2107
India,Asia,0.61,0.58,0.64,0.57,0.53,0.6,IND,45.218,45.3985,45.6592,45.9363,46.184,44.98,45.3332,45.6736,47.471,47.8574,48.2407,48.6324,49.025,49.5395,50.2441,50.8123,51.3883,51.9086,52.492,53.0601,53.6114,54.1748,54.7322,55.2809,55.8157,56.3338,56.8352,57.3147,57.7772,58.2333,58.6516,59.0547,59.4524,59.8152,60.2158,60.5962,60.9841,61.3876,61.7919,62.2069,62.6693,63.0913,63.616,64.0942,64.5244,64.9955,65.4123,65.7884,66.149,66.5132,66.9086,67.359,67.8872,68.4598,69.0736,69.6363,70.1167,70.4672,70.7095,70.9098,70.1499,67.2398
Iran,Asia,0.88,0.83,0.93,0.85,0.75,0.95,IRN,43.9574,44.5501,44.2689,45.6193,46.1959,46.7441,47.4211,48.0339,48.1364,49.4375,50.2041,51.1241,51.6588,52.9455,53.8538,54.761,55.7,56.5769,55.9263,58.5504,58.5367,56.7148,57.734,58.7481,61.2196,61.8931,62.487,62.8233,63.4463,65.7175,64.3665,66.4589,66.7765,67.139,67.4684,67.7846,68.0696,68.359,68.73,69.2974,69.6909,69.9546,70.4454,69.8231,71.3703,71.8384,72.2761,72.772,72.6244,72.6979,73.0691,73.6786,74.186,74.4493,74.7825,75.1239,75.6,75.9712,76.195,76.1031,74.832,73.8749
Japan,Asia,0.73,0.59,0.86,0.73,0.59,0.86,JPN,67.6898,68.3417,68.6382,69.7172,70.1695,70.2305,71.0288,71.3776,71.649,71.9007,71.9874,72.8085,73.2413,73.4061,73.8343,74.3419,74.7463,75.3111,75.6424,76.1525,76.1261,76.5487,77.0593,77.0956,77.4965,77.7899,78.2035,78.622,78.5368,78.9708,78.9838,79.2519,79.2918,79.4342,79.8238,79.6702,80.3493,80.5718,80.6402,80.6079,81.1759,81.509,81.7953,81.8558,82.1309,82.012,82.3765,82.5544,82.6382,82.9742,82.9193,82.6756,83.1755,83.4107,83.6525,83.8928,84.0664,84.1976,84.2971,84.4258,84.6879,84.7839
Malaysia,Asia,0.87,0.84,0.91,0.87,0.84,0.91,MYS,56.5018,57.4344,58.4045,59.2601,60.0633,60.9502,61.3747,61.7969,62.1938,62.6438,63.1106,63.5836,64.083,64.6199,65.2091,65.7118,66.2771,66.8109,67.2849,67.7619,68.2449,68.8515,69.2402,69.5674,69.9368,70.318,70.4577,70.6665,70.8957,71.1171,71.3071,71.4417,71.5257,71.8256,72.1627,72.3838,72.3266,72.2836,72.1684,72.2828,72.7755,73.3439,73.5627,73.7964,73.8985,74.0959,74.1642,74.2109,74.2502,74.2266,74.4423,74.7459,74.944,75.0348,75.1459,75.0942,75.2888,75.4763,75.6444,75.7603,75.9378,74.8839
Mongolia,Asia,0.88,0.83,0.92,0.88,0.83,0.92,MNG,44.9838,46.0676,47.1087,48.0652,48.9213,49.6186,50.1864,50.8874,51.4568,52.0044,52.6783,53.3452,54.0161,54.631,55.215,55.65,55.4323,55.5014,55.5466,55.573,55.6401,55.693,55.777,56.2322,56.6869,56.8411,56.9114,57.3876,57.8696,58.3438,58.7649,59.2369,59.6413,60.038,60.4048,60.6125,60.305,60.8154,61.7647,62.5293,62.8821,63.2786,63.5178,64.2078,64.7955,64.8787,65.5128,65.9701,66.3821,66.7658,67.1822,67.4393,68.1114,68.5854,69.0472,69.4977,69.8647,70.2375,71.1992,71.8221,72.141,70.9754
Myanmar,Asia,0.92,0.84,1,0,0,0,MMR,43.9063,44.3852,45.0234,45.6364,46.4969,47.4604,48.369,49.2971,50.1008,50.3416,50.7126,51.2152,51.4975,51.8703,52.2464,52.5155,52.9816,53.3046,53.4739,53.9444,54.3619,54.646,54.9548,55.2016,55.4725,55.6421,55.8769,56.076,56.0847,56.5646,56.6607,57.0135,57.2511,57.6313,57.9564,58.259,58.9408,59.2429,59.7936,59.8806,60.1546,60.4159,60.7248,60.9803,61.2496,61.5985,61.8931,62.3709,56.5056,63.1547,63.3294,63.9007,64.1412,64.8148,65.0563,65.5613,65.685,65.843,66.4646,66.6104,66.797,65.6716
Pakistan,Asia,0.58,0.56,0.61,0.65,0.61,0.68,PAK,44.9318,45.7827,46.6081,47.6318,48.5949,49.4444,50.8418,51.9011,52.8978,53.7491,54.7599,50.3502,55.239,55.4856,55.4722,55.9048,56.1133,56.2523,56.737,57.1462,57.6056,58.0516,58.416,58.9469,59.3318,59.3631,59.4636,59.0663,59.3557,59.6198,60.0656,60.2594,60.1158,59.9342,60.1159,59.8784,60.3982,60.6034,61.0898,61.679,62.1018,62.4214,62.6264,62.843,63.0522,62.4657,63.7312,63.8517,64.036,64.14,64.4361,64.6482,64.7823,65.1495,65.2842,65.6971,65.8797,66.2972,66.482,66.7558,66.2695,66.0979
South Korea,Asia,1,1,1,1,1,1,0,54.3213,54.9317,55.5336,55.9602,57.1497,58.2065,59.4634,61.2618,61.5117,62.0133,62.2668,62.8704,63.3184,63.8111,64.2779,64.6263,64.9658,64.4659,65.1,66.3253,65.3829,67.8643,67.5859,67.1044,68.5671,68.7464,69.2761,69.4735,70.3013,70.822,71.9401,72.4207,72.9564,73.283,73.6111,73.9409,74.2757,74.9707,75.4636,76.0027,76.4661,77.2697,77.5435,77.5473,78.006,78.5192,79.0754,79.48,80.0441,80.5759,80.763,81.2098,81.3473,81.8637,82.3781,82.5605,82.9259,83.2855,83.3427,83.6557,83.6089,83.6978
Sri Lanka,Asia,0.73,0.66,0.79,0.73,0.66,0.79,LKA,60.6989,61.3281,61.7335,61.976,62.1737,62.6367,63.0549,63.5097,63.777,63.993,65.2675,65.9222,65.8284,65.939,65.9993,66.2375,66.5129,66.5508,67.5664,68.1303,68.6612,69.2115,69.6744,70.0682,70.6493,70.9689,71.421,71.4572,71.5485,69.7611,71.9268,71.7512,72.5298,73.052,72.8818,72.2601,72.2615,72.1364,72.081,72.6183,70.355,70.7866,71.1165,71.3726,67.0914,72.1182,71.9693,72.0488,71.7288,69.1873,73.215,73.38,73.9058,74.2388,74.6508,74.9275,75.3314,75.4035,75.748,76.0084,76.3929,76.3991
Taiwan,Asia,0.88,0.79,0.97,0,0,0,TWN,62.5315,62.9741,63.6524,64.5001,65.3006,66.142,66.3069,66.6218,66.8708,67.971,69.2147,69.4374,69.7656,69.8728,70.394,70.9648,71.2866,71.3732,71.8672,71.8248,72.0406,72.1204,72.509,72.5114,73.094,73.3585,73.3998,73.7457,73.4764,73.7102,73.9723,74.3462,74.3574,74.6661,74.8094,74.6447,74.9269,75.3336,75.5125,75.6902,76.1998,76.5258,76.932,77.1284,77.2291,77.2033,77.9277,78.1383,78.3201,78.8021,79.171,78.9813,79.2614,79.734,79.5875,79.9471,79.7716,80.1316,80.5344,80.6505,80.8924,81.0073
Thailand,Asia,0.84,0.79,0.9,0.38,0.23,0.54,THA,51.0347,52.3637,52.7901,53.2444,53.9785,54.7122,55.2539,55.7544,56.2066,56.9323,57.7106,58.5241,59.0515,59.836,60.5521,61.2719,61.9776,62.3542,62.7399,63.2094,64.0124,64.5948,65.1635,65.7886,66.733,67.5874,68.4194,69.4478,69.6885,70.1219,70.4449,70.7168,70.8853,71.0678,71.2265,70.9475,71.6525,72.5005,72.8623,72.5419,72.3156,72.6127,72.9296,73.1546,73.0797,73.8202,74.9381,75.1872,75.4916,75.8416,76.1313,76.4212,76.7721,77.0827,77.4153,77.7166,78.0489,78.3939,78.6622,78.9751,79.2739,78.7154
Vietnam,Asia,1,1,1,1,1,1,VNM,59.6571,60.2607,60.1312,58.701,59.3233,58.6923,58.4672,58.1614,54.0696,56.1515,56.2218,56.7486,53.1029,56.7864,55.8304,62.8822,64.7745,65.0489,65.5289,66.0006,66.1954,66.6454,67.1059,67.1484,67.3052,67.6006,68.0128,68.3919,68.4688,69.076,69.2127,69.849,69.9579,70.6212,70.7587,71.3837,71.5098,71.8017,72.1068,72.3169,72.462,72.6472,72.8009,72.9803,73.135,73.2714,73.3194,73.4361,73.411,73.4982,73.5126,73.6921,73.7044,73.7755,73.8545,73.8763,73.9382,73.9632,73.9757,74.0929,75.3779,73.6181
Australia,Oceania,0.44,0.35,0.53,0.44,0.35,0.53,AUS,70.8657,71.1353,70.9067,70.9614,70.5726,70.8031,70.6785,71.0479,70.6811,71.0722,70.6537,71.452,71.7697,72.0599,71.851,72.786,72.7895,73.4736,73.7431,74.3293,74.5676,74.7846,74.7208,75.4425,75.5121,75.4328,76.0742,76.0862,76.347,76.2005,77.0443,77.4831,77.4765,78.0098,77.8558,78.2619,78.3492,78.6317,79.0275,79.2855,79.6309,80.0165,80.0639,80.4549,80.7512,81.1126,81.2822,81.2603,81.4589,81.7661,82.055,82.1336,82.3456,82.6041,82.5677,82.6552,82.8707,83.0006,83.3871,83.11,84.3239,84.5265
New Zealand,Oceania,0.1,0.08,0.11,0.08,0.07,0.1,NZL,71.2249,70.935,71.1998,71.2667,71.2954,71.215,71.0731,71.4376,71.0888,71.4755,71.2195,71.7172,71.8243,71.6757,71.9413,72.2013,72.3982,72.1367,73.0114,73.0532,72.8634,73.6334,73.7245,73.8297,74.367,73.8744,74.1165,74.2047,74.4753,74.8863,75.4242,76.0788,76.1899,76.4999,76.9197,76.7886,76.8094,77.3484,78.1725,77.9177,78.6782,78.6736,78.8773,79.1548,79.3715,80.0572,80.0489,80.1631,80.2908,80.5938,81.1019,80.8863,81.2089,81.6518,81.7921,81.9765,82.07,82.2189,82.3803,82.5665,82.7419,82.4513
Papua New Guinea,Oceania,0.91,0.87,0.96,0.88,0.81,0.96,PNG,45.679,46.2922,46.6593,47.5988,48.2019,48.8163,49.5078,50.135,50.8389,51.414,52.1266,52.5789,53.2155,53.8694,54.4803,55.0392,55.5688,56.0373,56.5543,57.0033,57.4349,57.8311,58.1094,58.3682,58.5931,58.8662,58.9588,59.213,59.3364,59.58,59.7212,59.9078,60.2184,60.5059,60.7564,61.0491,61.1049,61.3771,60.6294,61.6723,61.7199,61.7728,61.6978,61.7973,61.7611,61.8008,61.9172,62.0338,62.5708,62.7882,63.0395,63.5259,63.7325,63.9611,64.2589,64.7006,64.8399,65.1028,65.1822,65.4738,65.7868,65.3506
Solomon Islands,Oceania,1,1,1,0,0,0,SLB,47.7414,48.4339,49.2537,50.049,50.859,51.6589,52.4613,53.2082,54.2389,55.1626,56.0724,56.9777,57.7966,58.5943,59.3564,58.0777,60.7492,60.8636,61.9114,62.3878,62.7995,63.1611,63.5093,63.7616,63.9978,64.2903,63.7604,64.7641,64.9731,65.1863,65.3917,65.5793,65.7671,65.958,66.1876,66.3807,66.5898,66.7416,66.9204,67.0685,67.2249,67.3635,67.5148,67.6443,67.8009,67.9363,68.0899,67.9856,68.4039,68.4656,68.7318,68.908,69.0839,69.188,69.2337,69.5834,69.8007,69.9882,70.1733,70.3821,70.1987,70.3477
Armenia,Eastern Europe,0.98,0.96,1,0,0,0,ARM,61.4313,61.8035,62.1246,62.2227,62.4184,62.7542,62.9451,63.2134,63.3342,63.6556,63.8727,64.2077,64.5348,64.6111,64.8254,64.9617,65.1607,65.3638,65.7005,66.0406,66.1765,66.579,66.8899,67.1952,67.507,67.9305,68.1804,68.0952,53.8997,68.7034,68.8209,68.6431,68.6266,68.8415,69.0725,69.3108,69.7828,69.9098,70.5142,70.2565,70.6236,70.932,71.0179,71.4356,71.4205,71.7922,71.9868,72.3271,72.3985,72.8125,73.1597,73.3045,73.454,73.6759,74.0577,74.4361,74.6639,74.9059,75.0645,75.4386,72.173,72.0431
Azerbaijan,Eastern Europe,0.96,0.91,1.01,0,0,0,AZE,55.8366,56.1917,56.5155,56.8982,57.1962,57.6192,57.6723,57.9729,58.3672,58.5993,59.0184,59.3533,59.8027,60.0447,60.2282,60.3369,60.5211,60.627,60.7128,60.867,61.0809,61.2914,61.4469,61.96,61.9562,62.0927,62.1942,62.5691,62.7293,62.5822,62.3522,62.0524,61.2956,61.2856,61.5941,62.3052,62.6217,62.9728,63.5609,64.1892,64.8905,65.5101,66.2392,66.7563,67.3461,67.5619,68.1653,68.6032,68.8112,69.3556,69.5291,69.9835,70.3598,70.8814,71.1163,71.4512,72.0039,72.2478,72.7601,73.1023,66.8679,69.3658
Kazakhstan,Eastern Europe,0.75,0.65,0.84,0.75,0.64,0.84,KAZ,58.3544,58.5209,58.6625,58.9858,59.2074,59.522,59.7539,59.9414,60.0797,60.2758,60.5068,60.7399,61.1012,61.3908,61.6366,61.9158,61.7812,61.9916,62.2066,62.391,62.6499,63.0783,63.3641,63.7101,63.8579,64.1727,64.4865,65.0234,65.1875,65.0636,64.8758,64.4876,64.1593,64.1985,63.9631,63.7216,63.6327,63.7105,63.8123,63.9854,64.1781,64.3676,64.2693,64.5543,64.8566,65.117,65.627,65.928,66.7018,67.2789,68.1157,68.7452,69.1295,69.8136,70.3334,70.7265,70.8984,71.3958,71.4717,71.5675,70.0304,69.3622
Russia,Eastern Europe,0.61,0.59,0.64,0.57,0.53,0.6,RUS,68.2651,68.4264,68.0729,68.5254,69.1307,68.6382,68.6491,68.3208,68.2104,67.5655,67.6871,67.753,67.6775,67.673,67.699,67.1799,66.9459,66.9355,66.8094,66.4069,66.3128,66.5858,66.9792,66.8854,66.4597,67.0491,69.0476,69.0344,68.8956,68.9534,68.5354,68.4246,67.56,65.019,63.9354,64.101,65.4217,66.3645,66.7722,65.6306,65.2711,65.4166,65.1401,65.264,65.904,66.0746,67.2791,68.1535,68.4943,69.2116,69.386,70.3981,70.7695,71.3025,71.5664,72.1006,72.6609,73.3743,73.5306,73.9332,71.3423,69.419
Ukraine,Eastern Europe,0.61,0.51,0.71,0,0,0,UKR,70.0159,70.1056,69.8558,70.3236,70.7291,70.3823,70.2343,70.0784,70.0773,69.4898,69.3172,69.553,69.4188,69.5367,69.4217,69.54,69.5248,69.291,69.2194,68.9062,68.7486,69.0123,69.2828,69.2357,68.8661,68.9611,70.4354,70.1464,70.0639,70.2527,69.8024,69.073,68.6289,67.8725,67.4426,66.8275,67.1484,67.6315,68.3991,68.1197,67.8555,68.1814,68.1732,68.2087,68.4016,68.1506,68.7406,68.7657,69.1168,70.2472,70.6207,71.3872,71.6273,71.8617,72.5905,73.4581,74.3121,74.7181,74.4122,74.5364,72.5726,71.624
Uzbekistan,Eastern Europe,0.92,0.87,0.96,0.89,0.83,0.95,UZB,57.4729,57.7947,58.0658,58.4396,58.8465,59.2031,59.4641,59.803,60.2173,60.7162,60.9341,61.3255,61.6271,61.6761,62.0062,62.1806,62.5064,62.3292,62.5631,62.688,63.0358,63.3043,63.5635,63.8053,64.0022,64.2873,64.7226,64.984,65.1465,65.281,65.3456,65.1307,65.1091,64.8289,64.6854,64.6463,64.7118,64.7636,65.035,65.3835,65.7235,66.087,66.6037,67.0397,67.4012,67.4901,67.891,68.2918,68.7646,68.8705,69.2354,69.6487,69.8742,69.9895,70.2343,70.4753,70.7548,71.0095,71.1494,71.3441,70.3309,70.8616
Czech Republic,Former Soviet Republics,0.81,0.75,0.87,0,0,0,0,0,0,0,0,0,0,0,0,0,0,0,0,0,0,0,0,0,0,0,0,0,0,0,0,0,0,0,0,0,0,0,0,0,0,0,0,0,0,0,0,0,0,0,0,0,0,0,0,0,0,0,0,0,0,0,0,0,0,0,0,0,0
Estonia,Former Soviet Republics,0.28,0.25,0.31,0.25,0.2,0.3,EST,69.5237,69.5348,69.3352,69.7789,70.6182,70.2111,70.1454,70.465,70.2584,69.7371,69.8694,70.2766,70.0401,70.2444,70.531,69.7645,69.3032,69.7111,69.2732,69.1314,69.1215,69.1682,69.7269,69.6657,69.3197,69.193,70.3386,70.285,70.3605,70.4167,69.8312,69.712,69.3445,68.5792,67.8846,68.7257,70.1448,70.732,70.2171,71.1147,71.3298,71.4185,71.8708,72.1579,72.6438,73.1971,73.4792,73.6051,74.412,75.1919,75.7485,76.4681,76.5454,77.1272,77.1406,77.6563,77.8201,77.976,78.1395,78.6693,78.3431,77.1436
Hungary,Former Soviet Republics,0.39,0.36,0.41,0.39,0.36,0.41,HUN,68.0866,69.0164,67.9408,68.9435,69.4676,69.1489,69.8967,69.463,69.3451,69.3802,69.2194,69.08,69.721,69.6,69.2739,69.4229,69.6578,69.9357,69.47,69.6697,69.0883,69.1502,69.3524,68.9285,68.9641,68.9013,69.1125,69.5633,69.9417,69.394,69.3715,69.4407,69.1671,69.1803,69.6044,69.9689,70.5973,71.0035,70.9185,71.04,71.7579,72.3942,72.5074,72.5137,72.906,72.8648,73.3444,73.4316,73.9576,74.1794,74.5192,74.9232,75.1808,75.6809,75.8474,75.6517,76.1552,76.0055,76.2039,76.4543,75.7297,74.5301
Poland,Former Soviet Republics,0.43,0.39,0.47,0.35,0.31,0.39,POL,67.8296,67.9367,67.6365,68.5615,68.7841,69.486,69.8929,69.5933,70.2278,69.7118,69.5877,69.3714,70.5469,70.5295,71.0187,70.4393,70.4366,70.3299,70.2169,70.591,69.9498,70.9171,70.986,70.8391,70.6087,70.3681,70.6185,70.6747,71.0195,70.7646,70.678,70.3777,70.9072,71.4197,71.7101,71.9193,72.2472,72.5951,72.9517,72.9946,73.7335,74.2193,74.5826,74.7384,74.972,75.0936,75.2835,75.3386,75.5842,75.7811,76.3175,76.6506,76.7138,76.9705,77.5691,77.4151,77.8025,77.7205,77.6282,77.9272,76.9424,76.4572
Brazil,America,0.6,0.58,0.62,0.6,0.58,0.62,BRA,52.6602,53.1828,53.7096,54.2088,54.6479,55.0844,55.4733,55.8684,56.3105,56.7483,57.1714,57.5858,58.0321,58.4718,58.8807,59.353,59.7918,60.2403,60.7203,61.2533,61.781,62.333,62.8563,63.3306,63.7726,64.1979,64.6404,65.0797,65.454,65.8676,65.9848,66.3096,66.7082,67.1092,67.5684,67.9191,68.409,68.8128,69.1885,69.5237,69.7367,70.1949,70.4103,70.7204,71.1307,71.7533,72.0373,72.3653,72.7153,72.9484,73.1821,73.3432,73.5517,73.9185,74.3058,74.3325,74.4415,74.8266,75.1095,75.3379,74.0089,72.7504
Chile,America,0.56,0.5,0.62,0.56,0.5,0.62,CHL,57.0147,57.5367,57.7708,57.1503,58.7378,59.455,59.6888,60.7203,61.6296,61.9053,62.4906,62.7319,62.2807,63.9046,64.9012,66.2792,65.8548,67.4023,68.0743,68.1864,68.8398,69.9092,70.2995,70.0114,70.4604,71.1762,71.8096,72.5396,72.4556,72.4669,72.574,73.5741,74.1354,74.1953,74.6139,74.6085,74.8988,75.5958,75.6695,76.0176,76.8695,76.7726,77.4445,77.3867,77.6161,78.0159,78.261,77.8258,78.4841,78.7409,78.5015,79.1099,79.0233,79.3391,79.4726,79.746,80.0794,80.3501,80.1334,80.3263,79.3769,78.9435
Colombia,America,0.8,0.73,0.87,0.8,0.73,0.87,COL,57.1305,57.73,58.301,58.8922,59.3753,59.8149,60.2041,60.5311,60.8708,61.2163,61.5694,62.0514,62.5686,63.0604,63.6401,64.2702,64.845,65.424,65.9544,66.3797,66.8676,67.1972,67.5308,67.745,67.9793,66.2765,68.2597,68.2676,68.3908,68.5326,68.644,68.8127,69.0381,69.3418,69.6132,69.9325,70.1885,70.4919,70.7378,70.9257,71.3201,71.502,71.9389,72.3606,72.6951,73.0814,73.468,73.8372,74.295,74.7418,75.0327,75.3198,75.5973,75.8267,76.0427,76.2573,76.4713,76.6456,76.7479,76.7523,74.7692,72.8296
Mexico,America,0.48,0.44,0.52,0.48,0.44,0.52,MEX,55.0168,55.8315,56.5985,57.3102,57.947,58.4992,58.9807,59.4196,59.8349,60.2503,60.6898,61.1551,61.6143,62.0549,62.4588,62.8105,63.1235,63.4339,63.7779,64.1886,64.7026,65.3132,65.9747,66.6439,67.2904,67.8739,68.3876,68.8435,69.2532,69.6226,69.9707,70.2977,70.6161,70.9423,71.2787,71.6457,72.0369,72.4454,72.8448,73.2249,73.5692,73.8668,74.1059,74.2743,74.372,74.3765,74.3313,74.2384,74.1524,74.119,74.1901,74.3651,74.574,74.7391,74.7974,74.6822,74.4122,74.1378,74.0146,74.2021,70.1328,70.2127
Uruguay,America,0.65,0.59,0.71,0.65,0.59,0.71,URY,67.7722,67.895,67.9941,68.0837,68.179,68.2937,68.4265,68.5577,68.6983,68.815,68.9036,68.9686,68.9328,69.0961,69.1927,69.3346,69.5226,69.7463,69.9995,70.279,70.5818,70.9006,71.2228,71.5387,71.8405,72.1225,72.381,72.6134,72.82,73.002,73.1617,73.3051,73.4412,73.579,73.7276,73.896,74.0876,74.298,74.5267,74.7695,75.0247,75.2851,75.5399,75.7851,76.0069,76.1935,76.3615,76.4981,76.623,76.7384,76.858,76.9833,77.111,77.24,77.3663,77.4827,77.5707,77.6247,77.611,77.5085,78.4298,75.4356
Canada,America,0.59,0.44,0.74,0.59,0.44,0.74,CAN,70.9758,71.2185,71.24,71.2699,71.6424,71.7518,71.8708,72.0842,72.2406,72.3985,72.6118,72.9514,72.828,73.0715,73.1446,73.451,73.8726,74.1557,74.4848,74.8395,75.0637,75.4839,75.6939,76.0673,76.3556,76.3472,76.4892,76.7956,76.8595,77.1216,77.4308,77.5917,77.8501,77.7229,77.8991,78.0194,78.271,78.4642,78.6739,78.8851,79.2335,79.4507,79.568,79.7396,80.0332,80.1364,80.5466,80.5495,80.7388,81.0737,81.3469,81.5286,81.7221,81.8029,81.8545,81.9246,82.0434,82.0192,82.0508,82.3628,82.0471,82.6565
United States,America,0.36,0.33,0.39,0.53,0.47,0.58,USA,69.8132,70.2385,70.1035,69.9321,70.1896,70.2417,70.2045,70.5187,70.2021,70.4785,70.7353,71.0957,71.172,71.3883,71.9499,72.5337,72.8339,73.2152,73.397,73.8202,73.7172,74.1052,74.4526,74.5432,74.6658,74.6421,74.7218,74.8538,74.828,75.1038,75.3699,75.5227,75.7776,75.567,75.7377,75.8536,76.1753,76.498,76.66,76.6718,76.8114,76.9285,77.0005,77.1536,77.5581,77.5573,77.8386,78.1004,78.1958,78.564,78.7724,78.82,78.9441,78.9507,79.0175,78.8694,78.8482,78.8213,78.9896,79.138,77.4144,77.1982
Cyprus,Middle East,0.16,0.15,0.18,0.16,0.15,0.18,CYP,64.1871,64.8039,65.424,62.2818,62.7898,67.0519,67.495,67.917,68.2734,68.4903,68.9274,69.3301,69.8113,70.1633,55.2298,70.5177,71.0401,71.3025,71.7673,71.895,71.95,71.941,71.9805,72.3113,72.2547,72.6468,72.6514,73.0892,73.1294,73.4797,73.5387,73.7158,74.1774,74.6497,74.7201,75.1329,75.5217,75.8415,76.1824,76.2948,76.568,76.9889,77.4873,77.7879,77.9435,78.1008,78.3708,78.8103,78.9812,79.4006,79.665,79.9991,80.1094,80.4016,80.7706,80.9665,81.0563,81.328,81.382,81.397,81.3905,81.2033
Iraq,Middle East,0.93,0.88,0.98,0.93,0.88,0.98,IRQ,52.6178,53.4111,54.3262,54.9477,55.6331,56.6156,57.3483,58.37,58.7809,59.32,60.1861,60.9092,61.388,62.0303,60.8985,61.4639,63.7147,64.2276,64.4011,64.7906,61.5001,59.3312,59.7327,60.0612,60.219,60.6798,60.8735,61.1764,57.4664,58.2346,58.4355,62.519,66.7077,66.8969,66.7442,66.4641,66.3907,65.8372,65.4859,66.1816,66.8171,67.0339,67.0836,65.6427,65.0307,64.8438,63.5873,63.5527,64.9421,66.4457,67.0622,67.659,68.0232,68.2534,68.9136,69.4403,68.9878,70.4126,71.5143,71.5764,69.1228,70.3779
Israel,Middle East,0.89,0.88,0.91,0.9,0.88,0.92,ISR,70.4249,70.7832,70.9946,71.1058,71.2486,71.307,71.3923,71.4423,71.3231,71.3673,71.3617,71.502,71.5684,71.6699,71.8115,72.1314,72.5307,72.7887,73.1405,73.4284,73.7095,74.2136,73.8081,74.6941,75.0231,75.3482,75.1465,75.6193,76.0634,76.6526,77.1942,77.0002,76.869,77.4502,77.6892,77.6352,78.2791,78.2718,78.4402,78.6971,78.9276,79.3448,79.2593,79.6242,80.1467,80.2171,80.5057,80.6651,81.0552,81.5756,81.7443,81.7274,81.7346,82.1154,82.2236,82.0999,82.4854,82.7195,82.8232,82.8123,82.3598,82.255
Jordan,Middle East,0.56,0.48,0.64,0.43,0.29,0.57,JOR,52.6173,53.6709,54.6579,55.5752,56.559,57.4153,57.8691,59.0103,59.7525,60.4439,59.8699,61.6121,62.3487,62.9085,63.4336,63.9608,64.4895,64.9813,65.4355,65.8506,66.2588,66.7141,67.1537,67.555,67.9249,68.2595,68.5665,68.8842,69.2522,69.5695,69.8538,70.0929,70.3163,70.518,70.6986,70.8699,71.0643,71.2725,71.4744,71.694,71.9178,72.1467,72.3585,72.5734,72.7725,72.9321,73.1449,73.3728,73.591,73.8014,73.9996,74.1891,74.3659,74.5621,74.7889,75.0112,75.2153,75.5018,75.7743,76.044,75.1843,74.2563
Kuwait,Middle East,0.56,0.5,0.62,0.5,0.43,0.57,KWT,56.919,58.0154,59.0787,60.1624,61.1578,62.2193,63.0748,63.9859,64.7354,65.6775,66.5303,67.0578,67.4208,67.5783,67.9298,67.8922,68.2063,68.5845,69.0122,69.677,70.3411,71.0811,71.4978,72.0199,72.6101,73.0738,73.5581,74.1101,74.5198,74.8255,73.2805,74.2164,75.6914,75.7944,75.7633,75.5368,75.6184,75.8787,76.1569,76.4159,76.722,76.8915,76.9822,76.9848,76.7924,76.9027,76.8868,77.0168,77.1455,77.4416,77.9817,78.4636,78.8118,79.1641,79.4449,79.5624,79.7011,79.7806,79.7217,79.685,76.9198,78.6729
Lebanon,Middle East,0.78,0.69,0.87,0.78,0.69,0.87,LBN,64.8406,65.2902,65.3969,65.6677,65.9534,66.0653,66.1587,66.5188,66.6073,66.6967,66.7592,66.8229,66.9066,67.2291,67.2941,58.1279,33.7371,59.2836,59.3821,59.4672,59.6648,59.9152,45.1277,59.9548,60.3037,60.4861,60.965,61.4275,61.7183,64.1627,64.4747,71.1761,71.1924,71.3824,71.6808,72.0432,72.2931,72.7779,72.9436,73.4905,73.9309,74.3648,75.0642,75.5932,75.9761,76.2726,76.0796,77.0801,77.5844,77.8892,78.1559,78.4036,78.6284,78.7652,78.9727,79.2294,79.5054,79.6543,79.729,79.2359,77.8038,75.0472
Oman,Middle East,0.96,0.95,0.97,0.96,0.95,0.97,OMN,35.4501,36.8229,38.1921,39.4175,40.6791,41.8849,43.0665,44.2848,45.5251,46.6845,47.6785,48.9341,49.5709,50.8587,52.0978,53.2973,55.2208,56.2567,57.7095,59.1514,60.4468,61.6462,62.9604,64.2166,65.2544,66.2716,67.0137,67.8868,68.5801,69.1555,69.782,70.189,70.6556,71.1648,71.3845,71.9901,72.1909,72.4145,72.9702,73.184,73.4658,73.8075,73.8687,74.14,74.3285,74.3962,74.4802,74.461,74.6115,74.6814,76.2695,76.6075,77.0607,77.2465,77.4462,77.6869,77.9158,77.9243,77.9659,78.0022,74.7571,72.5406
Saudi Arabia,Middle East,0.28,0.25,0.31,0.23,0.19,0.26,SAU,45.9404,46.4844,47.1,47.609,48.1484,48.7818,49.3432,50.053,50.915,51.8162,52.715,53.7729,54.7919,55.932,57.0168,58.068,58.9659,59.9465,60.8717,61.6975,62.6981,63.4721,64.3043,65.0529,65.6895,66.3297,66.9207,67.4001,67.9721,68.4913,68.9485,69.3658,69.9254,70.3033,70.705,71.0109,71.2731,71.4826,71.8787,72.1359,72.4667,72.9744,73.3366,73.6284,74.1526,74.5883,74.8096,75.0458,75.2744,75.4313,75.7629,76.234,76.4611,76.6257,76.7573,76.9185,77.0643,77.1605,77.2115,77.3036,76.2392,76.936
Syria,Middle East,0.95,0.93,0.98,0.97,0.94,1,SYR,53.5469,54.4367,55.0862,55.7784,56.5002,57.1131,57.5981,58.0949,59.0653,59.878,60.5274,61.3704,61.9004,60.6914,63.1191,63.5378,63.9223,63.7636,65.8058,66.1379,66.3512,64.3722,61.1191,67.8291,68.9244,68.756,69.2056,69.2951,69.6743,69.7604,69.8172,70.0357,70.2625,70.1929,70.1414,70.4163,70.3465,70.2826,70.1958,70.425,70.7639,71.6439,71.9394,72.4137,72.4747,72.7685,73.3495,73.7088,73.5508,73.8527,73.8808,73.3053,66.7687,63.8265,63.1529,65.1239,65.9933,68.4811,70.145,71.8224,72.1399,72.0627
Turkey,Middle East,0.69,0.66,0.71,0.65,0.61,0.69,TUR,50.7401,51.5504,52.3816,53.1732,53.7141,54.2585,54.7097,55.361,55.8353,56.3784,56.8948,57.4092,58.0686,58.5212,59.0507,59.4966,59.9653,60.7428,61.37,61.9121,62.5041,63.0099,63.6044,64.1458,64.7059,65.2399,65.7717,66.2775,66.7943,67.2445,67.7092,68.1689,68.4861,68.911,69.2949,69.6094,70.1414,70.5699,71.0388,70.6947,71.8613,72.2305,72.5785,72.8899,73.24,73.5341,73.8448,74.1927,74.4501,74.7653,75.0693,74.9406,75.678,76.2968,76.5648,76.646,76.6605,77.1408,77.5631,77.8318,75.85,76.0324
Yemen,Middle East,1,0.99,1,1,0.99,1,YEM,33.6785,34.0983,33.6147,33.2471,34.7378,35.373,36.0969,36.8662,37.7957,39.4742,40.5009,41.5425,42.46,43.3478,44.3249,45.2448,46.2377,47.2858,48.3915,49.3935,50.6539,51.7092,52.4051,53.9235,54.9338,55.6927,53.8187,57.0962,57.7589,58.2178,58.6994,59.049,59.4283,59.8595,59.7135,60.4532,60.5678,61.1193,61.3748,61.9752,62.588,63.2222,63.9062,64.5411,65.0059,65.543,65.9877,66.5653,66.9629,67.1964,67.28,67.4194,67.3429,67.5451,67.3842,65.8734,66.0641,65.9573,64.5751,65.0917,64.6501,63.7534
Algeria,Northern Africa,0.62,0.54,0.7,0.61,0.49,0.73,DZA,40.5322,40.5162,39.323,42.9084,42.7879,42.714,42.5429,42.5675,42.6422,42.7814,43.1597,43.6703,44.3465,45.0793,46.0341,46.9722,47.9854,49.1913,50.3529,51.7549,53.2609,55.2763,57.4284,59.5101,61.6581,63.5879,65.159,65.8297,66.9713,67.0855,67.416,67.6875,67.7571,67.7195,67.3614,67.4544,68.7493,69.1706,69.4506,70.0316,70.4779,70.8233,71.2296,71.2868,71.7617,72.0612,72.3336,72.6019,72.9405,73.6196,73.8081,74.1234,74.2024,74.6153,75.11,75.622,75.7318,75.7428,76.0656,76.4742,74.4528,76.3767
Egypt,Northern Africa,0.68,0.66,0.71,0.42,0.35,0.49,EGY,45.3734,46.0241,46.8428,47.6719,48.4697,49.128,49.5039,49.5379,49.8969,49.7969,50.0132,50.3859,50.7654,50.8524,51.8379,52.5907,53.3652,54.1338,54.9902,55.8017,56.6278,57.1376,57.9479,58.8882,59.7301,60.5423,61.2614,62.1373,62.98,63.6281,64.1459,64.7553,65.0305,65.4677,65.8155,66.312,66.7418,67.1967,67.4709,67.737,68.0074,68.3083,68.5635,68.4021,68.613,68.7786,68.9773,69.128,69.3186,69.48,69.6638,69.8805,70.0848,70.0521,70.4151,70.4831,70.8435,71.3019,71.3669,71.3575,70.9905,70.2207
Morocco,Northern Africa,0.73,0.69,0.77,0.73,0.68,0.79,MAR,42.0174,43.7947,44.2975,44.8202,45.3922,45.9728,46.5623,47.1895,47.7777,48.3145,48.8073,49.2434,49.7195,50.1714,50.6731,51.2436,51.9358,52.7043,53.4994,54.3508,55.2189,56.036,56.8966,57.7241,58.4904,59.2862,60.0414,60.7106,61.3203,61.899,62.4478,62.9464,63.4015,63.8721,64.3461,64.7358,65.2381,65.6293,66.0176,66.4062,66.7869,67.1798,67.5468,67.915,68.231,68.7039,69.1282,69.604,70.0481,70.4578,70.8288,71.2691,71.6789,72.1223,72.5377,72.9197,73.284,73.6603,73.9863,74.2705,73.9199,74.0419
Tunisia,Northern Africa,0.84,0.73,0.95,0,0,0,TUN,43.9401,44.1458,45.5125,46.5001,47.3653,48.4283,49.3268,50.4662,51.5732,52.5225,53.8695,54.835,56.1073,57.2002,58.2817,59.4683,60.4263,61.5426,62.3384,63.2106,63.9746,64.6913,65.4171,66.1368,66.8205,67.5891,68.2282,68.899,69.5687,69.6708,70.1103,70.5211,70.7015,71.2347,71.6145,71.9876,72.3796,72.8634,73.1687,73.5081,73.6901,73.8156,74.0595,74.3054,74.4902,74.7642,74.9215,75.072,75.1846,75.2667,75.4206,75.4595,75.5498,75.6502,75.6497,75.6919,75.7861,75.8448,75.9501,75.9933,75.2923,73.7719
Western Sahara,Northern Africa,0.53,0.41,0.65,0.53,0.41,0.65,ESH,38.5705,38.9285,39.3011,39.6733,40.0438,40.4071,40.756,41.1068,41.4335,41.7772,42.1484,42.5736,43.1455,43.802,44.5726,36.4527,38.4914,40.5332,42.3742,40.1047,41.7586,45.689,46.648,47.5477,48.4089,49.2833,50.1171,50.5768,53.3252,53.0049,57.7882,58.2587,58.7258,59.183,59.6649,60.148,60.6256,61.1216,61.6232,62.1546,62.6686,63.1646,63.6879,64.1842,64.6972,65.1753,65.6223,66.0984,66.5452,67.0386,67.4926,67.8989,68.2703,68.6511,68.9796,69.2957,69.5923,69.8544,70.0924,70.3129,70.5218,70.7804
Angola,"Africa (southern, eastern, western)",0.94,0.91,0.97,0.94,0.91,0.97,AGO,38.2107,37.2669,37.5394,37.824,38.1307,38.4954,38.7572,39.0922,39.4837,39.8291,40.1904,40.5543,40.9052,41.2705,41.6522,41.1909,41.1634,41.4365,41.8296,42.1755,42.4486,42.7715,43.0506,42.0916,42.353,42.648,42.8426,40.9174,41.545,41.7646,41.8933,43.8127,42.2088,42.1009,43.4217,45.8491,46.0329,46.3065,45.057,45.3858,46.0236,46.5905,47.3865,49.6173,50.592,51.5699,52.3688,53.6419,54.6327,55.7516,56.7258,57.5961,58.6231,59.3074,60.0397,60.6546,61.0923,61.6798,62.1438,62.4484,62.2612,61.6434
Botswana,"Africa (southern, eastern, western)",0.88,0.78,0.98,0.85,0.7,1,BWA,50.3718,50.8906,51.3887,51.8813,52.3488,52.8088,53.2641,53.7205,54.1883,54.6839,55.1975,55.7448,56.3001,56.8615,57.4241,57.998,58.5831,59.169,59.6914,60.1762,60.6456,61.1247,61.5704,62.0043,62.3644,62.6264,62.6785,62.5216,61.7549,61.427,60.5327,59.4734,58.3482,57.7188,56.1542,55.0594,54.3573,53.4482,52.5226,51.6943,51.0109,50.6757,50.6324,50.9468,51.6168,52.6104,53.9182,55.732,57.1206,58.2791,60.0133,60.5302,60.8004,61.9958,62.6076,63.8183,65.4644,66.7526,65.4224,65.4636,65.6471,61.1409
Cameroon,"Africa (southern, eastern, western)",0.89,0.87,0.91,0.95,0.93,0.96,CMR,34.8188,35.4059,42.5161,42.9178,43.3102,43.8889,44.4363,45.1764,45.9785,46.8205,47.583,48.2505,48.8999,49.3235,49.5706,49.7175,49.8796,49.9951,50.2804,50.575,51.0409,51.5174,52.0848,52.762,53.2199,53.8986,54.0374,54.7242,54.9336,54.9469,54.8679,54.6577,54.4809,54.0615,53.5281,53.2218,52.8198,52.7367,52.582,52.6946,52.9317,53.1423,53.4148,53.8826,54.1779,54.3619,54.8564,55.1653,55.6548,56.1019,56.582,57.1331,57.7922,58.4761,58.9355,59.658,60.2333,60.8103,61.1798,61.5839,60.8328,60.3334
Democratic Republic of the Congo,"Africa (southern, eastern, western)",1,1,1,0,0,0,COD,40.8574,40.2387,40.3424,40.6036,40.0522,40.7043,42.0527,42.3102,42.7049,42.9761,43.2839,43.6555,43.9332,44.096,44.4098,44.4714,44.6559,44.7634,44.537,45.2069,45.4729,45.7196,45.9197,46.1806,46.445,46.624,46.9138,47.3359,47.7677,48.17,48.6006,48.9478,49.2436,49.5512,49.8841,50.411,49.3072,50.4021,49.6956,49.9448,51.7812,52.1162,52.3327,52.8266,53.426,53.9267,54.5338,54.9226,55.3386,55.8363,56.4167,57.0693,57.2484,57.7618,58.2963,58.49,59.0664,59.4114,59.9417,60.2757,59.7392,59.193
Ethiopia,"Africa (southern, eastern, western)",0.77,0.75,0.79,0.81,0.79,0.83,ETH,40.3304,40.9949,41.4031,41.9562,42.2747,42.4443,40.1503,42.6916,42.8444,42.8298,42.8154,42.8922,41.5503,41.6349,39.4531,39.3561,41.8953,41.893,41.8997,42.8075,43.217,43.6075,43.7673,36.0359,36.4295,37.3641,37.8113,45.4403,45.0611,45.0365,44.5567,46.1304,46.9015,47.394,47.8607,48.3016,48.9236,49.5138,49.9272,49.4248,50.5378,51.0426,51.5171,52.5326,53.2348,54.0085,55.1491,56.4264,57.5916,58.8043,59.73,60.7206,61.5431,62.3734,62.9046,63.6492,64.3919,64.8383,65.4117,65.8377,65.3705,64.9748
Gabon,"Africa (southern, eastern, western)",0.93,0.88,0.98,0,0,0,GAB,46.575,47.2283,47.8383,48.4786,49.048,49.7516,50.3485,50.8916,51.4387,51.9567,52.5546,53.0729,53.6051,54.057,54.567,55.0346,55.569,56.0893,56.6587,57.0529,57.4539,57.8161,58.1058,58.6008,58.8937,59.3106,59.6405,59.8939,60.0056,60.2647,60.3109,60.3968,60.5447,60.7183,60.7012,60.704,60.6118,60.662,60.7897,60.8487,61.069,61.2697,61.2916,61.6706,61.8378,61.9594,62.3746,62.6183,63.0829,63.3032,63.8977,64.0453,64.5871,64.7765,64.9743,65.4599,65.8025,66.1889,66.3064,66.6028,66.5305,65.821
Ghana,"Africa (southern, eastern, western)",1,1,1,0,0,0,GHA,47.0956,47.3254,47.4048,47.5784,47.7189,47.778,47.7266,47.6834,47.57,47.5647,47.8046,47.7976,48.0255,48.3978,48.7767,49.2465,49.7638,50.0849,50.5713,50.9325,51.1167,51.2694,51.3828,51.6216,52.0512,52.4164,53.1246,53.8242,54.5072,55.1909,55.6196,56.0118,56.2313,56.416,56.1124,56.5652,56.8201,57.1989,57.6003,58.0302,58.195,58.1072,58.6079,59.1108,59.1914,59.7601,59.9883,60.2243,60.49,60.946,61.1571,61.6517,62.0805,62.4205,63.0447,63.1752,63.8902,64.0131,64.122,64.7401,64.114,63.7954
Kenya,"Africa (southern, eastern, western)",0.39,0.34,0.43,0.39,0.34,0.43,KEN,48.6799,49.533,50.2238,50.8083,51.3282,51.7,52.0974,52.4551,52.7809,53.1686,53.5749,54.258,55.0124,55.677,55.6344,55.8258,55.8953,56.4861,56.9444,57.722,58.5008,61.165,60.9531,61.0117,60.8037,60.58,60.2163,60.0435,59.5388,59.0397,58.6145,58.0052,57.2589,56.6168,56.2727,55.617,55.1612,54.816,54.5264,54.4948,54.4112,54.5079,54.9896,55.601,56.3615,57.344,58.2222,58.8651,59.6141,60.3649,60.649,61.0458,61.1152,61.3891,61.8162,61.8922,62.1632,62.4808,62.6765,62.9432,62.6755,61.427
Malawi,"Africa (southern, eastern, western)",1,1,1,0,0,0,MWI,35.1988,35.3264,35.6539,35.6185,35.6918,35.7244,35.8659,35.8966,36.0359,36.3208,36.7308,37.2389,37.9041,38.5442,39.2711,40.222,41.2266,42.2326,43.2903,44.268,45.0943,45.7007,45.9912,46.0376,45.5787,44.9473,44.3426,43.8112,43.3835,43.3395,43.3227,43.3124,43.4126,43.3876,43.5613,43.6414,43.4408,43.1312,42.8479,43.568,44.5181,45.895,47.2214,48.79,50.4534,52.0445,53.2377,53.946,54.6036,55.4476,56.3806,57.4547,58.6786,59.7288,60.8991,61.3781,62.2093,62.9769,63.2758,64.1188,63.7167,62.9044
Mozambique,"Africa (southern, eastern, western)",0.95,0.93,0.98,0.97,0.94,1,MOZ,41.2214,41.5904,41.8321,41.9345,41.6704,41.6994,41.6392,41.6634,41.6672,41.7099,41.7553,41.739,41.5902,41.7072,42.0645,42.5816,42.6353,42.7002,42.7951,42.7443,42.801,40.5362,40.7033,40.8299,38.3799,38.6568,40.6809,40.8426,43.8441,44.1434,44.469,44.6596,44.9492,45.3543,45.6065,46.04,46.6362,47.4078,48.0241,48.812,49.4912,50.0653,50.5895,50.8696,51.2495,51.561,51.961,52.5664,53.1639,53.7876,54.1984,54.869,55.6387,56.4919,57.2742,58.1509,59.038,59.7709,60.5261,61.1662,61.1722,59.3247
Namibia,"Africa (southern, eastern, western)",0.93,0.89,0.96,0.87,0.8,0.94,NAM,47.6787,48.3738,49.0869,49.7139,50.4342,51.0392,51.4386,52.0345,52.6013,53.1167,53.6304,54.2372,54.781,55.3743,55.8933,56.547,57.0148,57.5532,58.0849,58.4394,56.7746,57.1232,57.6438,57.969,58.5117,59.0413,59.5549,60.2072,60.2476,62.6416,62.4964,62.0982,61.5449,60.8596,59.8463,58.634,56.9178,55.5576,54.1014,53.036,51.9903,51.2604,51.2539,51.0832,51.2464,51.7866,52.6551,53.6799,54.6529,55.4959,56.0153,56.553,57.64,58.6938,59.8217,60.7002,61.6825,62.2931,62.5859,63.075,62.829,59.269
Niger,"Africa (southern, eastern, western)",0.13,0.07,0.19,0.13,0.07,0.19,NER,36.4044,36.5559,36.6391,36.7365,36.7438,36.7527,36.8072,36.83,36.6109,36.3542,36.0615,35.2933,35.6324,35.7037,36.0031,36.5876,36.976,37.6439,38.4505,39.202,39.678,40.1652,40.3007,40.3588,40.059,40.0309,40.1289,40.4331,40.7898,41.2206,41.8517,42.2176,42.9473,43.8172,44.7137,45.7738,46.6763,47.5053,48.1905,48.7377,49.3216,49.8407,50.5616,51.4344,52.5891,53.59,54.5965,55.5533,56.508,57.3961,58.3668,58.9941,59.6498,60.239,60.786,61.0827,61.6288,62.1599,62.4544,62.8967,61.4506,61.5763
Nigeria,"Africa (southern, eastern, western)",0.87,0.81,0.93,0,0,0,NGA,37.3709,37.6732,37.8092,38.1924,38.4152,38.6796,38.7973,37.5733,38.482,38.7176,39.7131,40.4802,41.273,42.0111,42.791,43.6623,44.7209,45.5584,46.0192,46.2155,46.3491,46.4935,46.5126,46.6382,46.5505,46.3171,45.9747,46.0176,46.072,46.1816,46.0374,45.6908,45.6678,45.7879,45.5132,45.487,45.5666,45.7924,46.0363,46.6139,47.1928,47.6187,47.9285,48.4405,48.7672,49.297,49.7305,50.033,50.2251,50.7124,50.9448,51.3573,51.4973,51.7068,51.7911,51.8413,52.0427,52.3052,52.5536,52.9104,52.887,52.676
Republic of Congo,"Africa (southern, eastern, western)",0.93,0.88,0.98,0,0,0,COG,47.9786,0,0,0,0,0,0,0,0,0,0,0,0,0,0,0,0,0,0,0,0,0,0,0,0,0,0,0,0,0,0,0,0,0,0,0,0,0,0,0,0,0,0,0,0,0,0,0,0,0,0,0,0,0,0,0,0,0,0,0,0,0
Rwanda,"Africa (southern, eastern, western)",0.49,0.39,0.59,0.49,0.39,0.59,RWA,47.1785,47.6645,47.9908,44.0719,48.2379,48.2823,48.1665,48.0938,47.7455,47.3982,47.153,46.8291,46.4977,45.9053,45.3042,44.6979,44.6471,44.7966,45.4804,46.6592,47.9633,49.4225,50.6924,51.3186,51.6398,51.7344,51.6376,51.4771,50.9756,50.2197,48.4312,46.519,44.3189,42.1658,14.0985,39.9692,40.6979,40.6402,41.6813,44.6162,47.1292,49.0206,51.0322,53.3678,55.4912,57.316,58.7137,59.9653,61.1342,61.9578,62.5397,63.2615,64.0094,64.4257,64.9401,65.2977,65.7373,65.9409,66.2505,66.437,66.7741,66.0722
Senegal,"Africa (southern, eastern, western)",0.79,0.76,0.82,0,0,0,SEN,39.8783,39.9169,39.8564,39.8817,39.8849,39.8383,39.9611,40.0832,40.2677,40.459,40.8254,41.2189,41.7529,42.557,43.2108,44.0987,45.0978,46.1521,47.1968,48.1964,49.1421,49.8498,50.5639,51.1527,52.0149,52.7576,53.9277,54.8191,55.7736,56.4384,56.9484,57.1389,57.1124,56.9961,56.9545,56.8385,56.6719,56.591,56.4179,56.609,56.9434,57.5639,58.231,59.1219,60.0266,60.9152,61.7502,62.5429,63.2421,63.9231,64.6154,65.262,65.4567,66.0719,66.4519,66.8794,67.4969,67.7503,68.0966,68.5258,68.0064,67.0926
Somalia,"Africa (southern, eastern, western)",0.94,0.88,0.99,0.94,0.88,0.99,SOM,43.4519,43.5632,43.877,44.0999,44.3,44.5437,44.7598,44.9698,45.173,45.3698,45.5574,45.7467,45.94,46.1306,43.8177,44.1819,44.5684,46.918,46.9505,47.305,47.4891,47.6657,47.8297,48.1663,48.4591,48.2807,48.37,48.9027,43.8348,46.7173,47.1055,26.5647,27.3116,50.6485,50.3266,50.6005,50.4469,50.1947,50.6602,50.5245,50.6604,50.7403,50.7309,50.6139,50.5377,50.6606,50.5974,50.5147,51.1198,51.8533,50.563,51.3045,53.1611,53.8433,54.2773,54.857,55.0444,55.6536,56.3754,57.0776,55.9666,55.2803
South Africa,"Africa (southern, eastern, western)",0.81,0.77,0.84,0.77,0.72,0.81,ZAF,52.6685,53.0848,53.3757,53.6327,53.9058,54.192,54.3911,54.6264,54.8759,55.1943,55.5787,55.955,56.2722,56.7224,57.1171,57.5118,58.0061,58.4924,58.979,59.3945,59.8125,60.364,60.9329,61.4647,61.9065,62.3798,62.9123,63.0412,63.3454,63.3098,63.3753,63.2649,63.3414,63.0447,62.6118,62.2616,61.4593,60.8053,60.0008,59.2408,58.4704,57.2614,55.6662,54.3308,54.043,53.9797,54.2775,54.9922,56.0222,57.4474,58.8987,60.6507,61.8457,62.5331,63.3796,63.9499,64.7469,65.402,65.6743,66.175,65.2522,62.341
Sudan,"Africa (southern, eastern, western)",0.55,0.53,0.57,0.53,0.5,0.55,SDN,46.6026,47.0234,47.3544,46.1888,49.4572,46.9347,44.6258,45.0564,45.4558,45.1473,45.5343,49.6461,49.9251,53.0689,53.2301,53.3769,53.4621,53.6483,53.4404,53.5586,53.9338,54.0779,54.3211,47.4501,46.2198,46.458,51.481,43.4405,35.9228,49.3367,49.7321,50.2129,45.8909,46.5752,56.6437,51.991,52.2756,52.8331,48.8104,57.0148,58.3185,58.5615,58.9763,58.1999,56.7726,57.2786,60.2806,61.2564,61.2055,62.6439,63.0161,63.2463,63.7922,63.6779,64.2691,64.6587,64.7801,65.4447,65.681,65.8755,65.6136,65.2667
Tanzania,"Africa (southern, eastern, western)",0.45,0.41,0.49,0.45,0.41,0.49,TZA,42.9367,43.1002,43.2845,43.4937,43.7473,44.0263,44.3807,44.7559,45.3661,45.9729,46.4495,46.9174,47.3244,47.9781,48.3065,48.7219,49.236,49.8421,50.3206,50.9074,51.2009,51.4725,51.528,51.543,51.5464,51.5559,51.6717,51.7257,51.8434,51.7394,51.4849,51.3058,50.9888,50.8698,50.797,50.7858,50.7443,50.6243,50.914,51.7476,52.3623,53.161,53.8634,54.8949,55.5963,56.2991,56.9111,57.52,58.0861,58.8937,60.1048,61.0492,62.0303,62.9603,63.8733,64.6507,65.3862,65.9987,66.5346,66.9885,66.4077,66.2007
Uganda,"Africa (southern, eastern, western)",0.87,0.8,0.94,0.91,0.85,0.98,UGA,45.5059,46.2571,46.9652,47.4306,47.8885,48.2401,48.3379,48.9618,49.2126,49.5108,49.616,46.9298,46.9667,46.8395,46.6124,46.2673,45.8692,45.5111,45.2072,44.9808,42.9491,43.0905,43.1854,43.5192,43.7525,45.3807,45.322,46.6189,46.7008,46.472,46.4426,46.3156,46.3684,46.2367,46.3526,46.5674,46.6701,46.9767,47.1747,47.7857,48.3415,49.0061,49.6476,50.3682,51.5469,52.9756,54.3688,55.2365,55.823,56.4881,57.0547,57.9651,58.8166,59.7628,60.4081,61.0856,61.6479,62.115,62.7139,62.9913,62.8513,62.7048
Zambia,"Africa (southern, eastern, western)",1,1,1,0,0,0,ZMB,49.042,49.4524,49.7936,50.1329,49.8491,50.5634,50.6788,50.8023,50.8563,51.147,51.4927,52.0225,52.6285,53.2999,53.8701,54.2387,54.6043,54.7088,54.61,54.4387,54.1426,54.0469,53.8594,53.3891,52.7551,51.9023,51.0614,50.3276,49.527,48.6957,47.9263,47.0971,46.5119,46.2094,45.8543,45.5534,45.2326,44.9446,44.7011,44.6589,45.2312,46.0188,46.9791,48.284,49.4873,50.6591,51.7955,52.7389,53.9449,55.3004,56.7991,57.7708,58.8672,59.8777,60.699,61.2078,61.7937,62.1201,62.3422,62.7926,62.3803,61.2234
Austria,"Europe (western, southern, northern)",0.22,0.19,0.25,0.22,0.19,0.25,AUT,68.7468,69.7131,69.4992,69.6529,70.1195,69.9318,70.2229,70.1158,70.2681,70.0416,70.0864,70.2909,70.6202,71.1961,71.1749,71.3273,71.7889,72.1359,72.2042,72.5441,72.6689,72.9914,73.1448,73.2181,73.7673,73.9876,74.4588,74.9014,75.3758,75.4648,75.7396,75.7931,75.9931,76.2258,76.5425,76.7766,77.0268,77.4292,77.7833,77.956,78.2358,78.7192,78.8469,78.8496,79.3632,79.521,79.9655,80.1672,80.3639,80.207,80.4643,80.8285,80.841,81.0783,81.3903,81.1594,81.5925,81.6391,81.6862,81.9077,81.5036,81.5797
Belgium,"Europe (western, southern, northern)",0.15,0.13,0.17,0.15,0.13,0.17,BEL,69.6224,70.4958,70.224,70.0398,70.703,70.5528,70.6288,70.9114,70.6075,70.6734,70.9354,71.0848,71.4104,71.6335,71.9694,71.9627,72.102,72.7562,72.7035,73.1971,73.2392,73.6494,73.877,73.8777,74.3666,74.4659,74.6658,75.2876,75.5877,75.6434,76.0554,76.1962,76.3554,76.3611,76.7142,76.8385,77.1825,77.4004,77.4743,77.6457,77.7665,78.0807,78.1667,78.3198,78.9599,79.0526,79.3884,79.5262,79.5769,79.847,80.033,80.3649,80.2607,80.468,81.0811,80.8898,81.2661,81.3618,81.4787,81.8311,80.7884,81.8787
Denmark,"Europe (western, southern, northern)",0.04,0,0.09,0.04,0,0.09,DNK,72.1957,72.4522,72.3513,72.4185,72.5072,72.3879,72.4655,72.9537,73.1459,73.2434,73.3635,73.4293,73.4689,73.6954,73.823,74.1009,73.7691,74.6589,74.4256,74.2397,74.1279,74.2484,74.5941,74.4528,74.6137,74.4774,74.6372,74.7431,74.838,74.8579,74.8636,75.2256,75.2672,75.1877,75.4394,75.2856,75.6623,76.0397,76.4343,76.5763,76.8137,76.9721,77.0973,77.3992,77.7836,78.2243,78.2218,78.348,78.7134,78.9565,79.2459,79.7845,80.0807,80.3042,80.6302,80.738,80.8803,81.1112,80.99,81.4337,81.5449,81.3753
Finland,"Europe (western, southern, northern)",0.19,0.18,0.2,0.19,0.18,0.2,FIN,68.9931,69.0111,68.7419,69.1792,69.3793,69.1269,69.6446,69.8171,69.7829,69.6478,70.3242,70.1468,70.8673,71.3662,71.2923,71.8375,71.9887,72.5133,73.0801,73.3599,73.6489,73.9647,74.53,74.4374,74.7433,74.4235,74.7662,74.7988,74.7645,74.9686,74.9893,75.4071,75.6469,75.8849,76.5748,76.6039,76.8696,77.0641,77.2591,77.4508,77.6712,78.1422,78.2698,78.5333,78.846,78.9713,79.3729,79.3907,79.695,79.831,80.0117,80.3915,80.5008,80.8831,81.0125,81.4178,81.2915,81.4976,81.6266,81.8706,81.8657,82.0381
France,"Europe (western, southern, northern)",0.36,0.32,0.39,0.25,0.17,0.33,FRA,70.3667,70.9586,70.4713,70.3223,71.2797,71.1034,71.5098,71.4927,71.4792,71.2021,72.0902,72.0746,72.3163,72.4799,72.8103,72.9072,73.1262,73.7307,73.8459,74.1255,74.2332,74.3957,74.7649,74.7329,75.2151,75.305,75.5733,76.1426,76.3942,76.5408,76.8335,77.0143,77.2958,77.348,77.7678,77.8713,78.0613,78.4254,78.5885,78.7505,79.0472,79.2235,79.4129,79.421,80.3393,80.3394,80.7483,80.9672,81.049,81.1777,81.4275,81.813,81.774,82.0159,82.4761,82.1857,82.4372,82.4732,82.5909,82.7315,82.2104,82.4988
Germany,"Europe (western, southern, northern)",0.16,0.15,0.18,0.16,0.15,0.18,DEU,69.2428,69.831,69.9918,70.1116,70.6446,70.6235,70.7416,70.9571,70.6045,70.456,70.6798,70.9158,71.1537,71.3674,71.6839,71.5205,71.9816,72.592,72.5723,72.9206,73.0924,73.3368,73.6334,73.9233,74.3854,74.4972,74.7001,75.1121,75.2991,75.4848,75.3588,75.5759,76.0187,76.0959,76.3931,76.5619,76.7922,77.2259,77.5768,77.8056,78.0637,78.4095,78.4827,78.5443,79.1263,79.2618,79.5906,79.7412,79.8261,79.9248,80.0864,80.36,80.5058,80.4633,80.9151,80.5742,80.8471,80.9442,81.1717,81.5584,81.1472,80.6301
Greece,"Europe (western, southern, northern)",0.55,0.52,0.59,0.75,0.7,0.79,GRC,69.3517,70.395,70.3307,70.6855,70.6377,71.4959,71.8126,71.3622,71.4901,72.0608,72.8222,73.0646,72.8316,73.0284,73.4672,73.4182,73.6654,73.7024,74.39,74.6548,74.5776,74.9931,75.2868,75.5533,75.8086,76.1241,76.5191,76.3126,77.0064,77.1245,77.2959,77.3694,77.282,77.654,77.8029,77.8214,77.9568,78.3187,78.2311,78.3498,78.3771,78.8359,78.9691,79.0293,79.2893,79.5899,79.7073,79.612,80.049,80.2994,80.5102,80.5469,80.3409,80.9738,81.007,80.6676,81.1617,80.8501,81.3907,81.2489,80.9092,80.1106
Ireland,"Europe (western, southern, northern)",0.04,-0.01,0.09,0.04,-0.01,0.09,IRL,70.1704,69.6388,69.9478,70.1907,70.4468,70.6441,70.1571,71.201,70.8861,70.8003,70.8348,71.6227,70.9563,71.1728,71.1153,71.6912,71.8001,71.9423,71.9338,72.1829,72.5397,72.8896,73.1579,73.1813,73.6253,73.5641,73.6129,74.4098,74.4285,74.4543,74.8418,75.031,75.4278,75.2942,75.8013,75.4783,75.83,75.98,76.1889,76.094,76.5423,77.1087,77.5999,78.1107,78.5126,78.9162,79.1518,79.5547,79.7625,80.0461,80.5226,80.6332,80.7523,80.9675,81.3067,81.4163,81.5498,81.9168,82.0863,82.2586,82.4699,81.9976
Italy,"Europe (western, southern, northern)",0.72,0.71,0.74,0.72,0.7,0.74,ITA,69.2074,69.8205,69.2195,69.3164,70.384,70.2596,70.9982,71.0336,70.8677,70.8629,71.6286,71.8821,72.1447,72.105,72.8036,72.7282,73.0702,73.4403,73.7768,74.1072,74.0531,74.439,74.9132,74.7345,75.4972,75.6032,75.9131,76.3368,76.5228,76.922,76.9909,76.9891,77.3642,77.6524,77.8724,78.1161,78.4367,78.7334,78.8062,79.2044,79.6072,79.8859,80.1136,80.1929,81.0199,81.023,81.4169,81.5029,81.6466,81.7633,82.1371,82.235,82.2588,82.6599,82.908,82.5255,83.0492,82.7282,83.1847,83.552,82.3953,82.8502
Netherlands,"Europe (western, southern, northern)",0.12,0.11,0.12,0.1,0.1,0.11,NLD,73.3536,73.5509,73.2238,73.3514,73.7358,73.6061,73.555,73.8329,73.6376,73.5601,73.6279,73.8716,73.7834,74.2299,74.607,74.5543,74.6707,75.2642,75.1731,75.6458,75.7712,75.9898,76.0603,76.2529,76.3235,76.3717,76.3508,76.8088,76.9953,76.8312,77.0067,77.1564,77.3595,77.0352,77.5128,77.5454,77.5498,77.9245,77.9971,77.9601,78.1222,78.3304,78.4046,78.6571,79.2308,79.4797,79.8376,80.2452,80.3766,80.66,80.8186,81.0999,81.0495,81.2919,81.6425,81.4821,81.547,81.7291,81.7741,82.0455,81.6381,81.6873
Norway,"Europe (western, southern, northern)",0.12,0.08,0.16,0.12,0.08,0.16,NOR,73.5646,73.565,73.4598,73.0974,73.6087,73.7273,74.0081,74.0742,73.9461,73.6674,74.0714,74.1754,74.3497,74.4409,74.7639,74.817,75.0483,75.398,75.4263,75.4158,75.6726,75.8818,76.0192,76.0789,76.2469,75.9327,76.2534,76.1021,76.2709,76.5435,76.5865,77.0382,77.2461,77.2206,77.7726,77.7967,78.2332,78.2386,78.4083,78.3868,78.6919,78.8959,78.9605,79.5294,79.9648,80.1699,80.4411,80.5033,80.678,80.8669,81.0401,81.243,81.4437,81.6666,82.0859,82.2718,82.4147,82.624,82.7605,82.9552,83.1951,83.2339
Portugal,"Europe (western, southern, northern)",0.4,0.33,0.47,0.4,0.33,0.47,PRT,64.1516,62.8071,64.3194,64.9301,65.1288,66.098,65.6117,66.4663,66.8186,66.3982,67.0593,66.8501,69.1604,68.6044,69.1236,68.846,69.1034,70.3455,70.7971,71.6075,71.6648,71.8908,72.6997,72.6551,72.935,73.2162,73.6471,74.063,74.0853,74.6646,74.304,74.2401,74.8701,74.7614,75.73,75.5501,75.4763,75.9227,76.1164,76.3221,76.8304,77.1508,77.3676,77.5784,78.4199,78.3053,79.0713,79.281,79.5613,79.7706,80.035,80.4971,80.4784,80.8172,81.2157,81.2093,81.2324,81.498,81.3947,81.7007,81.0545,81.0443
Spain,"Europe (western, southern, northern)",0.29,0.27,0.31,0.28,0.25,0.32,ESP,69.2078,69.5692,69.631,69.7684,70.4966,70.9025,71.1621,71.3507,71.6762,71.1402,72.1514,71.7373,72.9557,72.7348,73.0951,73.4945,73.8093,74.3091,74.4985,74.9918,75.5281,75.708,76.3207,76.0985,76.4841,76.4119,76.7041,76.9573,76.9501,76.9991,77.0017,77.1299,77.5904,77.7302,78.1166,78.2029,78.3417,78.8534,78.9428,78.9478,79.4172,79.7444,79.8238,79.7548,80.3362,80.3283,80.9725,80.9803,81.2902,81.6408,82.0214,82.1974,82.2112,82.7199,82.858,82.6464,83.0411,83.0295,83.1436,83.5321,82.2892,83.01
Sweden,"Europe (western, southern, northern)",0.07,0.04,0.09,0.07,0.04,0.09,SWE,73.0364,73.4881,73.3503,73.5323,73.7049,73.8723,74.1013,74.1474,74.0007,74.113,74.6642,74.6009,74.7046,74.8643,74.9681,74.9767,74.9722,75.393,75.4835,75.5227,75.743,76.0403,76.3493,76.5792,76.8395,76.6902,76.9537,77.1077,76.9968,77.6532,77.5883,77.7281,78.0709,78.1352,78.7465,78.8214,79.0435,79.2711,79.4155,79.5079,79.7382,79.8359,79.9347,80.195,80.5462,80.621,80.8317,80.9697,81.1371,81.3631,81.5187,81.7581,81.7296,81.9348,82.2233,82.1834,82.3391,82.4382,82.5326,83.0524,82.4274,82.9833
United Kingdom,"Europe (western, southern, northern)",0.08,0.07,0.09,0.08,0.08,0.09,GBR,71.0243,70.7895,70.8593,70.7645,71.5487,71.5244,71.4391,72.0751,71.6872,71.6646,71.8843,72.236,71.9897,72.1866,72.3781,72.6523,72.6366,73.1137,73.0446,73.1622,73.593,73.9187,74.0411,74.2947,74.6767,74.5378,74.7958,75.1476,75.2612,75.3953,75.7359,75.9098,76.3063,76.1627,76.7221,76.6164,76.8748,77.1418,77.277,77.3757,77.8525,78.1239,78.2411,78.334,78.9045,79.1116,79.355,79.5424,79.6652,80.1668,80.4008,80.8046,80.8659,80.9291,81.1602,80.9238,81.0747,81.1684,81.1254,81.725,80.4345,80.7422
