Country,Group,Prevalance..primary.,X95..CI.min,X95..CI.max,Prevalance..primary...secondary.,X95..CI.min.1,X95..CI.max.1,Country.Code,Indicator.Name,Indicator.Code,X1960,X1961,X1962,X1963,X1964,X1965,X1966,X1967,X1968,X1969,X1970,X1971,X1972,X1973,X1974,X1975,X1976,X1977,X1978,X1979,X1980,X1981,X1982,X1983,X1984,X1985,X1986,X1987,X1988,X1989,X1990,X1991,X1992,X1993,X1994,X1995,X1996,X1997,X1998,X1999,X2000,X2001,X2002,X2003,X2004,X2005,X2006,X2007,X2008,X2009,X2010,X2011,X2012,X2013,X2014,X2015,X2016,X2017,X2018,X2019,X2020,X2021,X2022,X2023
Afghanistan,Asia,0.82,0.79,0.86,0,0,0,AFG,"Population ages 15-64, total",SP.POP.1564.TO,4788899,4877387,4971702,5067343,5162530,5255725,5347305,5442953,5544011,5649463,5761195,5875339,5993595,6120994,6250852,6376579,6491903,6603844,6710175,6711038,6430939,5726741,5163712,5081674,5219865,5345522,5301692,5226926,5246397,5380687,5377229,5384510,6019621,6964546,7651708,8087000,8379675,8665271,8959026,9284531,9380032,9420854,10031307,10811839,11254197,11738147,12331417,12433299,12630067,13239481,13722048,14437898,15286716,16000570,16802817,17485014,18038552,18706224,19401609,20127704,20957369,21722439,22404909,23130436
Cambodia,Asia,0.68,0.66,0.71,0.42,0.35,0.49,KHM,"Population ages 15-64, total",SP.POP.1564.TO,2937791,2998566,3061746,3128856,3203108,3281937,3359325,3435948,3513369,3592694,3582079,3533249,3558601,3604115,3647255,3567110,3362802,3257365,3253038,3347187,3438845,3517282,3664795,3804601,3922408,4025935,4166423,4328938,4461057,4578922,4710866,4833727,5040679,5308856,5493539,5640129,5817240,6010002,6319971,6645856,6877901,7115410,7358391,7605028,7850711,8094493,8339771,8585443,8821310,9035347,9229566,9406090,9558034,9706910,9861420,10005482,10147460,10289375,10422129,10544941,10674662,10810814,10940260,11069280
China,Asia,0.85,0.83,0.86,0.85,0.83,0.86,CHN,"Population ages 15-64, total",SP.POP.1564.TO,371478204,370644985,373916622,379324943,384608183,392459201,403156857,415082625,427511788,439885220,453299770,466792477,480289919,493168871,502808705,510508030,517729429,528738723,547101259,566480467,583687542,600441839,616596105,634113758,652879800,671252711,689171232,705817809,721706724,735923185,747174586,757775607,768432990,778388491,789242633,800991787,813656261,827885092,841225988,853178019,865485981,878790092,893626206,908333176,922710365,937712257,949961080,958367798,965322958,970985809,975573269,979815828,983744113,986335930,987820941,988302343,988046970,986411437,983747117,981428759,978973451,977101360,974838887,972620248
India,Asia,0.61,0.58,0.64,0.57,0.53,0.6,IND,"Population ages 15-64, total",SP.POP.1564.TO,250572490,254983160,259461462,264033144,269239453,275095446,281128542,287440562,294131776,301154377,308479482,315989498,323685090,331640545,339752276,348039335,356475048,365254332,374467006,383945578,393699476,403630682,413737921,424166130,434850151,445720916,456823486,468194817,479936444,492063295,504451116,516954044,529565821,542339649,555426168,568890441,582689001,596800684,611160335,625784989,640617507,655697139,670914857,686160442,701561063,716911600,732180068,747505065,762763594,777995638,793438411,809037482,824603950,840060464,854999441,869459756,884115112,898694113,912553718,925771433,938586445,950245567,960804385,971860527
Iran,Asia,0.88,0.83,0.93,0.85,0.75,0.95,IRN,"Population ages 15-64, total",SP.POP.1564.TO,11268938,11491544,11747866,12036090,12390691,12803112,13218122,13625099,14032674,14457919,14914534,15392152,15894181,16433675,17003548,17593867,18157919,18719162,19313847,19928198,20572424,21759358,22952640,23643725,24377077,25132178,25899617,26672115,27435168,28230197,29647417,31186623,32116831,32332248,32628017,33642030,34804652,36186326,37769450,39430433,41162325,42941267,44272423,45550105,47203217,48811929,50340766,51724681,52921528,53938357,54810078,55456569,55967397,56499437,57117527,57861740,58488654,58960922,59397335,59806077,60142828,60503472,60933022,61361726
Japan,Asia,0.73,0.59,0.86,0.73,0.59,0.86,JPN,"Population ages 15-64, total",SP.POP.1564.TO,60316755,61146392,62378444,63991229,65603572,67000135,68120520,69145271,69992810,70842946,71627272,73097921,73854357,74546419,75214015,75887579,76477143,77044268,77639037,78271107,78966952,79508807,80106499,80959193,81775586,82563185,83314680,84089079,84841583,85559221,86096863,86536705,86848860,87064178,87157513,87135285,87013094,86812362,86622587,86357057,86028257,85671811,85301311,84990460,84562217,84011699,83351772,82682697,81996931,81355870,80939051,80425404,79572883,78399486,77229906,76282461,75621650,75084846,74638081,74267895,73864092,73446995,73138948,72796769
Malaysia,Asia,0.87,0.84,0.91,0.87,0.84,0.91,MYS,"Population ages 15-64, total",SP.POP.1564.TO,4039819,4137310,4245513,4364304,4491444,4632690,4785246,4941838,5103629,5269827,5442327,5618565,5799700,5990088,6189890,6401428,6623369,6860790,7110631,7359767,7607006,7848488,8082572,8319875,8570626,8843481,9140930,9460376,9799858,10148083,10496033,10839096,11181939,11532200,11894176,12266673,12649482,13050463,13466694,13892463,14310850,14728768,15167661,15628112,16112396,16617015,17137059,17669006,18208339,18750824,19258859,19723077,20170798,20603370,21021716,21421012,21808902,22181826,22521048,22837979,23144110,23430510,23697233,23945854
Mongolia,Asia,0.88,0.83,0.92,0.88,0.83,0.92,MNG,"Population ages 15-64, total",SP.POP.1564.TO,554389,561309,567967,573514,578105,583091,589025,596272,605329,617506,632457,648776,666702,686650,708729,733037,759340,787417,817153,846812,875618,904439,933576,963250,993466,1024206,1055512,1087689,1121183,1153716,1184605,1215622,1246876,1278433,1310051,1341254,1371752,1402039,1433440,1467138,1504193,1543652,1583655,1623833,1663302,1700690,1734802,1765058,1792060,1816723,1840483,1868159,1898699,1927681,1955829,1982659,2008098,2031574,2052768,2072919,2093145,2114128,2138395,2168290
Myanmar,Asia,0.92,0.84,1,0,0,0,MMR,"Population ages 15-64, total",SP.POP.1564.TO,12281732,12472068,12672279,12882781,13129484,13414934,13715011,14031009,14364925,14713590,15075636,15446262,15826224,16189635,16534340,16888635,17249857,17630053,18031982,18441972,18864683,19294405,19714107,20173799,20682374,21194878,21708493,22223054,22739987,23252553,23754636,24237697,24708473,25182749,25669278,26166010,26672111,27197044,27740055,28284743,28805546,29289698,29737436,30153526,30556908,30956336,31348422,31738144,32095629,32455115,32857563,33281507,33719396,34153923,34555887,34919862,35275074,35624052,35951009,36254935,36553345,36846283,37136469,37423530
Pakistan,Asia,0.58,0.56,0.61,0.65,0.61,0.68,PAK,"Population ages 15-64, total",SP.POP.1564.TO,25570261,26133187,26647273,27161552,27670855,28180458,28719980,29316689,29970029,30679820,31445393,32210002,33010766,33909280,34880089,35943866,37105910,38347308,39657595,41170488,43146027,45403275,47475600,49186474,50537029,52006725,53753217,55560118,57392380,59167337,60949508,62762404,64052618,65405796,67282401,69374710,71775455,74261716,76878682,79606748,82770846,86125833,88828749,91232910,93860799,96528411,99222675,102020263,104874732,107842466,110893362,113745731,116104655,118065872,119914538,121660966,123307884,125260953,127651888,130195040,133031513,136153500,139515778,143111062
South Korea,Asia,1,1,1,1,1,1,KOR,"Population ages 15-64, total",SP.POP.1564.TO,13703318,14021102,14326317,14629130,14935087,15257901,15603569,15993077,16441726,16923595,17467416,18002351,18523338,19080800,19689562,20345540,21030266,21715925,22388991,23030800,23649913,24251387,24835196,25444467,26069774,26678038,27306326,27931963,28533093,29111839,29656516,30153809,30632158,31082604,31537234,32033613,32522093,32965176,33290259,33552273,33787596,33985803,34143376,34297010,34429975,34536910,34777751,35027760,35397207,35685703,35953443,36354941,36677793,36917181,37173037,37379210,37525464,37533636,37547256,37519554,37324433,36992897,36655085,36398725
Sri Lanka,Asia,0.73,0.66,0.79,0.73,0.66,0.79,LKA,"Population ages 15-64, total",SP.POP.1564.TO,5286442,5428739,5581943,5741757,5899954,6059136,6225151,6396841,6572786,6751118,6932241,7115733,7301843,7493791,7690309,7886664,8079265,8267608,8454809,8640996,8821964,8996169,9168865,9341973,9515672,9695756,9884135,10080072,10279252,10469410,10655259,10844922,11035359,11232650,11437518,11636714,11824740,11995504,12143310,12279098,12404117,12548060,12713085,12868311,13015289,13155533,13299704,13442994,13577592,13700003,13814694,13932867,14009180,14039031,14063554,14087748,14117896,14148610,14234737,14307585,14381014,14540694,14560801,14471414
Taiwan,Asia,0.88,0.79,0.97,0,0,0,0,0,0,0,0,0,0,0,0,0,0,0,0,0,0,0,0,0,0,0,0,0,0,0,0,0,0,0,0,0,0,0,0,0,0,0,0,0,0,0,0,0,0,0,0,0,0,0,0,0,0,0,0,0,0,0,0,0,0,0,0,0,0,0,0,0,0
Thailand,Asia,0.84,0.79,0.9,0.38,0.23,0.54,THA,"Population ages 15-64, total",SP.POP.1564.TO,14080350,14419964,14781887,15161310,15571868,16024190,16504673,17009532,17543367,18108673,18714734,19354251,20027211,20740571,21481092,22242305,23017249,23830793,24690336,25572553,26487818,27426774,28382329,29369716,30376107,31385699,32388657,33384295,34373851,35327179,36308258,37266211,38154431,39014460,39820135,40570754,41287791,42010612,42715515,43388020,44047866,44691690,45296290,45852143,46349609,46804096,47265656,47745735,48211018,48646304,49062663,49465394,49823306,50092164,50262166,50354504,50413114,50431858,50371379,50247486,50092759,49897410,49663033,49411266
Vietnam,Asia,1,1,1,1,1,1,VNM,"Population ages 15-64, total",SP.POP.1564.TO,17731369,17966180,18218216,18493016,18862490,19312366,19724691,20166143,20642789,21156409,21726662,22337860,23000720,23687679,24393586,25151159,25903014,26686976,27557201,28276910,28952070,29709319,30450758,31211351,32001257,32811757,33653111,34539525,35484846,36479464,37501832,38555370,39639779,40752912,41891709,43069980,44297910,45554634,46842472,48115002,49317444,50479407,51630354,52774119,53915769,55058795,56204274,57339069,58440126,59506384,60511470,61417873,62236393,62973264,63589382,64125596,64683440,65217933,65704221,66150523,66571089,66962208,67251030,67477732
Australia,Oceania,0.44,0.35,0.53,0.44,0.35,0.53,AUS,"Population ages 15-64, total",SP.POP.1564.TO,6292375,6417818,6589642,6733296,6882453,7038353,7223348,7341981,7502007,7683920,7854797,8142939,8312505,8465462,8716702,8863079,8994679,9140881,9288752,9425006,9569000,9744907,9942754,10112198,10271131,10448204,10640853,10839764,11043284,11245929,11415078,11549946,11664387,11754306,11858713,11989636,12140698,12282166,12417030,12568636,12729175,12909312,13076482,13247817,13407531,13587612,13785404,14049608,14342140,14637328,14844429,15010632,15217504,15420332,15593448,15760132,15950251,16164960,16363671,16566343,16729640,16710291,16887993,17257989
New Zealand,Oceania,0.1,0.08,0.11,0.08,0.07,0.1,NZL,"Population ages 15-64, total",SP.POP.1564.TO,1386928,1412907,1451052,1483635,1518806,1547860,1579717,1611157,1627402,1645473,1673493,1704807,1742216,1786445,1836347,1884386,1912350,1930895,1944290,1948559,1962707,1981465,2014120,2056941,2088901,2112763,2121086,2147692,2158958,2170248,2187254,2294227,2317502,2340638,2369553,2403910,2443189,2476213,2497968,2511569,2527570,2546293,2599988,2662641,2711369,2748208,2784221,2808773,2829534,2853567,2879117,2892041,2896365,2909065,2954436,3015687,3084285,3148198,3204517,3257548,3326620,3331601,3325532,3382347
Papua New Guinea,Oceania,0.91,0.87,0.96,0.88,0.81,0.96,PNG,"Population ages 15-64, total",SP.POP.1564.TO,1105478,1128256,1148635,1168538,1187954,1207037,1226791,1246839,1267350,1289156,1312487,1337693,1367429,1401980,1438839,1478181,1520011,1564146,1610179,1657569,1705857,1749634,1788804,1828352,1868363,1909053,1950596,1993592,2038059,2085916,2145157,2221431,2310590,2405781,2504309,2606129,2710969,2818830,2929623,3043447,3160220,3280097,3403659,3530879,3661721,3795879,3932974,4073022,4216927,4364506,4514741,4664961,4814562,4965192,5117012,5270364,5425017,5581006,5738060,5895498,6049603,6199812,6345851,6488069
Solomon Islands,Oceania,1,1,1,0,0,0,SLB,"Population ages 15-64, total",SP.POP.1564.TO,69593,71194,72853,74574,76361,78191,80059,81995,83992,85968,87790,89186,90394,91900,93710,95917,98793,102228,105949,109931,114148,118589,123254,128148,133304,138785,144434,150057,155664,161333,167088,172956,178996,185193,191530,198005,204613,211351,218205,225094,231735,238100,244438,250838,257324,263899,270572,277345,284268,291534,299283,307470,316006,324835,333967,343377,353008,362829,372848,383074,393738,404928,415907,426582
Armenia,Eastern Europe,0.98,0.96,1,0,0,0,ARM,"Population ages 15-64, total",SP.POP.1564.TO,1065003,1084104,1110028,1141666,1176181,1213050,1252477,1293679,1336979,1382568,1429922,1479701,1533590,1591875,1654160,1719660,1785020,1848668,1911643,1965237,2003188,2033269,2060425,2084784,2106181,2125242,2142880,2158898,2168513,2226061,2295587,2323527,2275848,2177798,2110297,2072659,2059711,2047301,2037893,2032635,2028347,2023610,2020464,2020686,2023892,2030355,2039899,2052254,2064467,2072039,2073112,2067618,2057353,2043485,2026872,2006933,1983725,1958831,1933718,1908739,1886737,1865265,1845507,1830954
Azerbaijan,Eastern Europe,0.96,0.91,1.01,0,0,0,AZE,"Population ages 15-64, total",SP.POP.1564.TO,2117537,2138015,2153874,2184304,2234676,2288852,2349004,2411103,2477595,2551401,2630556,2719209,2815403,2917254,3025569,3137636,3257870,3384785,3509347,3619922,3717330,3816488,3907709,3992855,4073600,4142664,4204463,4261248,4308814,4344766,4379814,4425539,4480951,4538789,4601677,4671653,4746739,4829451,4920011,5013501,5109845,5209603,5310291,5413099,5525064,5648279,5776611,5905867,6092006,6272038,6385040,6489844,6578456,6650675,6711491,6764283,6811714,6857549,6904446,6951369,6994975,7031387,7039605,7024473
Kazakhstan,Eastern Europe,0.75,0.65,0.84,0.75,0.64,0.84,KAZ,"Population ages 15-64, total",SP.POP.1564.TO,5335759,5442752,5594678,5765771,5950567,6144176,6341360,6541051,6745096,6943970,7117988,7265339,7414039,7581123,7758020,7940543,8123578,8307299,8490739,8667490,8842639,9016425,9188031,9358484,9523027,9683062,9876907,10108489,10346301,10227151,10273582,10331390,10316990,10275000,10123478,9923597,9824109,9760633,9699610,9698028,9745185,9812620,9893590,10000544,10132689,10274450,10425864,10580318,10806088,11038762,11193587,11318359,11406329,11475515,11533223,11579534,11619625,11657941,11698416,11743234,11799469,11997991,12230840,12372742
Russia,Eastern Europe,0.61,0.59,0.64,0.57,0.53,0.6,RUS,"Population ages 15-64, total",SP.POP.1564.TO,76088231,76340403,77168526,78184065,79471730,80901515,81907346,82971138,83986617,85058199,86258275,87367727,88344423,89358948,90328705,91228491,92189225,93011841,93713455,94262206,94757737,95337859,95914646,96253203,96686902,97345944,97994077,98562305,98980150,99289304,99231224,99268918,99105121,98846453,98728734,98806224,98977823,99366205,100112219,100982065,101636477,102172930,102535245,102502717,102187213,101892381,101685150,101749088,102125130,102567082,102920842,102891234,102474593,101978973,101327189,100573713,99896104,99249796,98657042,98082305,97333802,96527233,95914417,95308454
Ukraine,Eastern Europe,0.61,0.51,0.71,0,0,0,UKR,"Population ages 15-64, total",SP.POP.1564.TO,28283804,28450898,28722973,29026660,29404999,29741504,30048685,30379481,30654993,30928789,31203177,31475932,31762298,32041731,32304083,32545766,32747217,32889240,33024888,33154928,33300777,33543812,33770876,33935195,34028062,34127573,34235733,34328718,34423370,34497326,34482012,34474316,34498511,34439191,34233743,33987784,33774074,33641198,33647090,33716223,33683917,33555352,33347745,33086982,32846515,32644127,32472541,32357186,32313820,32283052,32265881,32199212,32051820,31854621,31502317,31205806,30912376,30617778,30356477,30099590,29832592,29544595,24990962,23842645
Uzbekistan,Eastern Europe,0.92,0.87,0.96,0.89,0.83,0.95,UZB,"Population ages 15-64, total",SP.POP.1564.TO,4502099,4557874,4630712,4717192,4822468,4965116,5140252,5328462,5533032,5749110,5964311,6179071,6407075,6654463,6921530,7209388,7515298,7834835,8153804,8453130,8733524,9007010,9280369,9553290,9827235,10107338,10396435,10695508,11002610,11294855,11517098,11752813,12024309,12298383,12554549,12814639,13112303,13439554,13769486,14062398,14427841,14804554,15192282,15577757,15969208,16378868,16813891,17276185,17750344,18223588,18904261,19562790,19964687,20340678,20694425,21015278,21308256,21583420,21843170,22105578,22374882,22676383,23047260,23479159
Czech Republic,Former Soviet Republics,0.81,0.75,0.87,0,0,0,CZE,"Population ages 15-64, total",SP.POP.1564.TO,6242184,6256444,6321361,6381959,6431117,6471939,6510456,6543089,6568155,6588328,6566562,6542407,6551898,6551909,6538679,6519008,6502433,6489963,6485845,6495686,6506573,6533967,6585841,6638796,6678307,6696214,6705361,6719485,6747280,6790770,6822731,6853906,6905700,6957069,7004037,7040283,7065655,7090053,7115388,7141781,7157379,7166721,7187565,7218701,7247811,7273975,7300514,7336996,7374057,7375592,7346295,7295370,7225496,7148825,7082902,7027887,6974680,6928654,6891614,6863717,6833074,6675837,6766557,6896168
Estonia,Former Soviet Republics,0.28,0.25,0.31,0.25,0.2,0.3,EST,"Population ages 15-64, total",SP.POP.1564.TO,803085,808961,819205,831018,844083,856448,866884,874639,881975,890508,899873,909669,918351,926781,935317,943400,950508,956987,962688,967216,972798,980688,989675,997821,1005999,1015612,1024623,1032108,1036795,1038442,1037406,1031355,1011356,984161,962564,945133,931727,922626,917466,929158,941321,937945,934061,930328,926719,922372,915462,908765,904893,901239,896373,889309,880189,870697,861707,856276,850822,846482,845484,844746,842292,840607,849966,858377
Hungary,Former Soviet Republics,0.39,0.36,0.41,0.39,0.36,0.41,HUN,"Population ages 15-64, total",SP.POP.1564.TO,6554481,6579306,6609546,6648032,6689207,6729896,6770435,6808006,6852833,6920506,6990499,7038876,7063045,7068817,7063150,7049622,7031747,7004539,6972988,6939765,6924753,6943509,6978904,7021285,7041032,7029746,7009043,6988717,6974844,6919448,6888219,6922748,6950474,6969298,6979847,6982677,6982417,6980861,6972827,6963797,6961575,6966362,6963235,6954489,6950722,6945793,6941896,6932247,6915646,6895853,6874888,6849382,6794920,6747076,6691117,6636130,6577390,6524984,6482401,6433226,6371286,6314017,6320807,6317185
Poland,Former Soviet Republics,0.43,0.39,0.47,0.35,0.31,0.39,POL,"Population ages 15-64, total",SP.POP.1564.TO,18016186,18164949,18436194,18791002,19180281,19505716,19817592,20194041,20576909,20927782,21208613,21473819,21786087,22090640,22366109,22597278,22789948,22946418,23069644,23187013,23345419,23539855,23735300,23930817,24093967,24215120,24332200,24442324,24528173,24630450,24764298,24911597,25071370,25225455,25376674,25522188,25667217,25839020,26047030,26258283,26207082,26397266,26536166,26665100,26785845,26892993,26987088,27072534,27148245,27207210,27149441,27117387,26990755,26811365,26609308,26396251,26160735,25909730,25647760,25389267,25118729,24835510,24410950,24405465
Brazil,America,0.6,0.58,0.62,0.6,0.58,0.62,BRA,"Population ages 15-64, total",SP.POP.1564.TO,38946430,39999791,41096496,42267024,43533179,44873615,46247968,47662049,49122574,50632853,52199085,53815928,55486868,57217189,59000526,60833433,62714084,64649786,66634722,68645122,70665645,72676386,74665855,76641897,78618045,80611684,82622303,84646706,86697760,88770384,90868427,92992528,95149326,97355941,99614642,101918393,104257762,106627027,109006750,111375254,113723821,116036453,118297028,120484166,122599349,124649426,126631537,128555114,130440998,132309102,134182780,136055226,137882323,139643831,141291467,142802802,144236047,145586706,146810991,147950382,148969796,149767451,150400744,151029363
Chile,America,0.56,0.5,0.62,0.56,0.5,0.62,CHL,"Population ages 15-64, total",SP.POP.1564.TO,4648408,4737863,4832118,4930235,5031822,5137715,5246572,5356479,5468361,5583550,5703775,5829624,5958524,6090686,6228429,6370665,6514831,6660468,6807577,6955993,7105263,7253684,7401437,7548447,7694101,7839327,7985430,8133324,8281001,8424736,8564931,8703946,8842834,8981860,9121594,9262532,9405318,9551155,9700428,9853407,10010039,10169856,10333879,10502180,10674260,10850217,11028048,11202016,11369721,11532057,11686611,11832020,11967095,12091158,12211695,12328424,12467153,12668844,12909544,13146408,13314429,13423378,13458005,13417152
Colombia,America,0.8,0.73,0.87,0.8,0.73,0.87,COL,"Population ages 15-64, total",SP.POP.1564.TO,7863959,8083498,8313930,8552851,8808143,9084650,9372475,9671804,9985467,10311218,10650951,10998285,11356833,11735224,12126788,12528664,12936490,13363618,13814818,14277953,14756400,15240893,15726831,16221285,16714046,17190242,17652525,18108971,18567026,19030955,19503642,19973088,20445476,20936261,21445139,21962775,22481811,23010541,23543493,24075732,24609531,25148826,25695703,26245043,26797208,27347850,27895361,28438763,28966906,29487399,30005339,30507350,30983933,31436885,31863569,32274550,32725009,33347909,34124172,34864151,35450454,35898966,36134433,36204373
Mexico,America,0.48,0.44,0.52,0.48,0.44,0.52,MEX,"Population ages 15-64, total",SP.POP.1564.TO,18325063,18847911,19416319,20026087,20665831,21318745,21985033,22675113,23391505,24129884,24893498,25726036,26628082,27559380,28519907,29507979,30520463,31585225,32712738,33879214,35040771,36142036,37208509,38294268,39398225,40508312,41633951,42787013,43965650,45154545,46452201,47851112,49227507,50563950,51878424,53169833,54437282,55706830,56969818,58224518,59464656,60684664,61907176,63130829,64385651,65666260,66933497,68190845,69420302,70638875,71958813,73339669,74688097,76021956,77325278,78585113,79805908,80964835,82019095,83031838,83967738,84782496,85644224,86569424
Uruguay,America,0.65,0.59,0.71,0.65,0.59,0.71,URY,"Population ages 15-64, total",SP.POP.1564.TO,1625074,1643407,1660901,1677138,1691941,1706073,1719762,1732791,1744979,1755886,1765506,1774824,1784327,1793681,1802456,1810699,1818321,1825173,1831800,1838677,1845963,1853898,1862964,1873246,1883949,1894127,1904510,1916212,1928895,1942542,1957360,1972425,1986249,1998487,2009324,2018186,2026313,2034851,2043319,2051691,2058876,2063628,2065885,2068169,2072744,2077399,2082780,2090934,2100672,2111704,2123833,2136176,2148186,2159741,2171113,2181877,2191693,2201142,2209721,2216931,2224277,2230659,2235847,2241079
Canada,America,0.59,0.44,0.74,0.59,0.44,0.74,CAN,"Population ages 15-64, total",SP.POP.1564.TO,10494001,10675681,10869371,11089817,11339648,11607495,11913272,12241477,12562690,12860518,13195025,13760122,14075044,14400708,14758665,15124940,15462972,15772616,16051583,16324135,16630720,16904979,17149439,17345144,17524588,17694335,17871252,18089501,18297611,18600984,18847999,19040955,19225645,19411102,19619681,19832495,20058467,20284244,20489628,20710473,20968129,21262259,21557663,21811153,22076436,22349438,22624588,22865527,23111793,23362428,23592948,23758284,23909943,24035643,24145059,24191409,24331113,24502549,24747804,24999433,25141954,25140932,25461701,26083205
United States,America,0.36,0.33,0.39,0.53,0.47,0.58,USA,"Population ages 15-64, total",SP.POP.1564.TO,108320395,109806029,111694584,113495962,115018817,116320150,118265318,120475148,122441662,124596742,126953729,129521198,132006670,134420257,136755049,139177308,141515889,143829512,146177580,148535061,150533903,152345271,153984654,155628063,157122255,158592615,160182740,161562819,162567856,163597119,165147772,166940233,168814806,170803325,172755766,174821805,177070760,179510803,181922559,184384947,186952253,189269845,191479586,193588057,195827384,198081570,200387285,202508658,204331171,205957039,207573780,208717283,209586568,210407309,211539193,212890784,213723220,214183259,214704199,214965169,216371883,216091065,216334609,216814687
Cyprus,Middle East,0.16,0.15,0.18,0.16,0.15,0.18,CYP,"Population ages 15-64, total",SP.POP.1564.TO,337512,342843,348602,354337,359660,364699,369700,374573,379316,384064,388856,393673,398451,403457,404114,403677,409749,418734,427461,435713,443346,450358,456810,463143,469953,477362,485206,493245,501232,509022,516618,524117,531977,541649,553478,566650,580904,595925,611408,627130,642939,658570,673874,689585,706301,723788,741705,759663,777291,794326,810597,822641,829867,835587,840546,845122,849505,853788,857904,861709,864290,865181,866553,868944
Iraq,Middle East,0.93,0.88,0.98,0.93,0.88,0.98,IRQ,"Population ages 15-64, total",SP.POP.1564.TO,4038385,4121579,4204485,4294353,4391015,4489267,4594864,4715698,4849798,4988469,5120335,5244930,5353421,5447596,5553554,5670965,5806312,5989624,6210527,6434831,6663963,6889049,7109841,7354691,7625149,7854679,8099133,8375336,8622271,8907976,9074821,9221657,9544133,10056842,10590970,10996678,11400229,11805005,12225884,12674906,13149937,13621641,14115677,14605076,15085903,15605017,15792549,15738850,16130343,16807861,17425807,18103209,18987328,19954180,20732966,21389835,22022859,22655700,23326516,24012914,24730459,25453771,26190212,26975685
Israel,Middle East,0.89,0.88,0.91,0.9,0.88,0.92,ISR,"Population ages 15-64, total",SP.POP.1564.TO,1267585,1310098,1377580,1433213,1495683,1552500,1595375,1669922,1708668,1753262,1807334,1856923,1895970,1964514,2012297,2048028,2082830,2119283,2157396,2209418,2262813,2310757,2357958,2403841,2436966,2484097,2530635,2579802,2629708,2683880,2779983,2966308,3084982,3181689,3278099,3379904,3480986,3579505,3675761,3784134,3896240,3997544,4083292,4160384,4238298,4318656,4401929,4484313,4563986,4668139,4742275,4814219,4881144,4951429,5029304,5108443,5183981,5262154,5348879,5439187,5525096,5613470,5723598,5843014
Jordan,Middle East,0.56,0.48,0.64,0.43,0.29,0.57,JOR,"Population ages 15-64, total",SP.POP.1564.TO,424322,442193,459249,476910,497696,524385,558219,598577,642792,686764,727081,762237,793038,821891,850549,879730,909903,942169,977316,1016140,1060649,1111384,1167858,1229463,1294945,1364232,1437912,1516242,1599830,1690647,1804575,1942790,2092210,2246316,2391473,2514458,2610193,2684306,2749022,2813397,2879887,2950494,3026378,3108958,3203973,3306729,3556628,3809585,3925810,4037415,4153580,4287962,4375872,4701845,5324329,5868468,6188817,6373840,6558046,6741098,6921053,7097810,7230556,7314545
Kuwait,Middle East,0.56,0.5,0.62,0.5,0.43,0.57,KWT,"Population ages 15-64, total",SP.POP.1564.TO,184753,203811,224914,247871,272267,297969,323377,348641,375632,403421,430019,457010,486450,517657,551376,589420,635588,688445,743351,798651,851867,905937,963421,1022859,1075548,1125291,1172002,1212640,1256911,1306037,998907,817523,1004085,1053973,1075503,1097213,1136329,1185773,1238517,1293526,1349823,1406381,1462181,1516480,1568942,1641630,1745544,1859930,1975599,2093153,2212613,2372044,2571499,2772210,2857908,2968455,3070398,3120729,3268653,3359191,3272155,3163029,3174078,3207946
Lebanon,Middle East,0.78,0.69,0.87,0.78,0.69,0.87,LBN,"Population ages 15-64, total",SP.POP.1564.TO,933949,953162,975479,1000411,1027384,1058698,1095468,1132833,1171888,1213018,1253012,1294986,1339493,1384505,1429346,1470301,1687059,1911719,1773165,1630096,1676311,1723749,1760205,1792291,1833523,1877928,1932506,1988969,2036414,2082053,2124992,2173114,2228533,2283168,2337502,2395604,2457809,2521190,2585661,2652126,2718879,2784594,2843823,2905171,2977309,3050428,3128713,3214519,3291090,3355311,3403018,3450185,3551483,3901286,4313260,4359175,4184093,4008793,3835213,3664342,3557157,3509908,3440173,3343643
Oman,Middle East,0.96,0.95,0.97,0.96,0.95,0.97,OMN,"Population ages 15-64, total",SP.POP.1564.TO,296366,301099,305794,309747,313029,316814,321291,326131,331353,336965,342963,349407,356295,363701,375244,391412,410081,431799,455891,481651,508499,536884,567292,599160,631718,673516,726051,781915,841127,903375,968275,1035450,1104515,1173521,1220950,1249024,1279441,1311809,1345587,1380150,1415181,1450582,1486017,1521747,1569347,1628987,1688833,1747274,1803230,1855982,2033368,2335527,2634152,2876618,3020714,3152203,3312124,3412039,3424792,3372751,3253083,3184195,3213224,3259971
Saudi Arabia,Middle East,0.28,0.25,0.31,0.23,0.19,0.26,SAU,"Population ages 15-64, total",SP.POP.1564.TO,2144227,2208663,2280751,2356845,2439738,2533702,2635562,2744847,2863435,2991910,3133201,3293480,3478915,3688542,3915717,4123825,4313806,4524671,4758655,5013357,5290091,5586723,5902067,6238921,6593983,6963313,7344410,7736409,8140020,8552169,8972041,9392195,9808495,10220875,10656413,11107167,11546671,11985476,12416334,12833451,13243732,13652573,14059122,14463843,14859494,15502282,16413929,17349064,18299285,19263947,20108426,20755774,21333343,21901354,22448231,22977981,23568169,24270519,24999581,25696441,25760357,25603697,25938738,26362353
Syria,Middle East,0.95,0.93,0.98,0.97,0.94,1,SYR,"Population ages 15-64, total",SP.POP.1564.TO,2302092,2358591,2417964,2486674,2559596,2633038,2710120,2790628,2875048,2963827,3056679,3156962,3264610,3373963,3487099,3606032,3728541,3854274,3985064,4122143,4265907,4418706,4580156,4756401,4949392,5152150,5362313,5578963,5802584,6033683,6272941,6521334,6780035,7047800,7319525,7597285,7881646,8169799,8464904,8768208,9080483,9402676,9732883,10066942,10413595,10772820,11423473,12419476,12951256,13117578,13437137,13666640,13463882,12436169,11199594,10520066,10438868,10611018,11082876,11920137,12667075,13296464,14139080,15239015
Turkey,Middle East,0.69,0.66,0.71,0.65,0.61,0.69,TUR,"Population ages 15-64, total",SP.POP.1564.TO,14775651,15116164,15473894,15859338,16261044,16675513,17034144,17322584,17675821,18131954,18625561,19137927,19659145,20166963,20674646,21217161,21791304,22384559,23010053,23660308,24317637,24962758,25657364,26546178,27451559,28252059,29056719,29862856,30682157,31511927,32345627,33189781,34035291,34892770,35772206,36631892,37469947,38292969,39101681,39906002,40717943,41549815,42367864,43203498,44078915,44930735,45739738,46306358,47093075,47969013,48942413,49909186,50794817,51679899,52584039,53427004,54257538,55023704,55641659,56275313,56790674,57338607,57898247,58094259
Yemen,Middle East,1,0.99,1,1,0.99,1,YEM,"Population ages 15-64, total",SP.POP.1564.TO,3074835,3133983,3193774,3249378,3302920,3355412,3406550,3459420,3514647,3573605,3636233,3702102,3771446,3844647,3922452,4005045,4092638,4184774,4281521,4384506,4495297,4615275,4745063,4885330,5036790,5200587,5372057,5556390,5753750,5958060,6175609,6407335,6653536,6914394,7191891,7470157,7738831,8015230,8307845,8615260,8937128,9272466,9619961,9980283,10355824,10770343,11235158,11726796,12231924,12746447,13265795,13777505,14283240,14795016,15313249,15829761,16341270,16856674,17376285,17905849,18431836,18944277,19490300,20077303
Algeria,Northern Africa,0.62,0.54,0.7,0.61,0.49,0.73,DZA,"Population ages 15-64, total",SP.POP.1564.TO,5824918,5869897,5905143,5943869,6001519,6072016,6172846,6313036,6471455,6640764,6813363,6989839,7175283,7373785,7589845,7871099,8201406,8501215,8793101,9112626,9454469,9818280,10205109,10615287,11049456,11508322,11985995,12442958,12880345,13329909,13789483,14250380,14710931,15182962,15668783,16176902,16727703,17309467,17887221,18466896,19055389,19637295,20206328,20759991,21301420,21799276,22287052,22796543,23293706,23777487,24238179,24667114,25063165,25412579,25723551,26021777,26311329,26594763,26884238,27191521,27520307,27878915,28275097,28705840
Egypt,Northern Africa,0.68,0.66,0.71,0.42,0.35,0.49,EGY,"Population ages 15-64, total",SP.POP.1564.TO,14643042,15005302,15419983,15867380,16312546,16739825,17160357,17590037,18033946,18482921,18931898,19369646,19801354,20242055,20692056,21155378,21626163,22130982,22679618,23251916,23855816,24484737,25136337,25825705,26542087,27272716,28014169,28774054,29567103,30392066,31251661,32117973,32999829,33932654,34925008,35959072,37025853,38143745,39309297,40511297,41746557,43018921,44354895,45729935,47090940,48413679,49688626,50955602,52207378,53415035,54599324,55843737,57070924,58304092,59566999,60743290,61930648,63148640,64340136,65512638,66715543,67933197,69152645,70410634
Morocco,Northern Africa,0.73,0.69,0.77,0.73,0.68,0.79,MAR,"Population ages 15-64, total",SP.POP.1564.TO,6086153,6179111,6282930,6391708,6520076,6676539,6847211,7029508,7224376,7432274,7654392,7887865,8127087,8372738,8629216,8897831,9176253,9471948,9784211,10104663,10437684,10780745,11129257,11479210,11825686,12173345,12512600,12841670,13175220,13512755,13856893,14199095,14539124,14886215,15241943,15619426,16015203,16416615,16816857,17210186,17599577,17989109,18374638,18747537,19131492,19540066,19943271,20329423,20701790,21057265,21398743,21729681,22053478,22369402,22665399,22938364,23204451,23458102,23685420,23897197,24125464,24367675,24608096,24856141
Tunisia,Northern Africa,0.84,0.73,0.95,0,0,0,TUN,"Population ages 15-64, total",SP.POP.1564.TO,2232140,2247010,2261442,2274919,2289993,2312103,2344806,2389760,2447562,2514764,2587752,2667229,2752282,2841513,2934506,3031228,3131033,3232978,3337240,3444159,3554643,3668770,3785141,3904673,4031160,4161143,4290707,4423068,4560601,4704096,4853331,5008078,5166159,5323928,5479680,5629297,5774818,5921729,6069643,6219797,6372054,6525049,6675843,6820055,6953301,7072630,7182298,7286826,7385463,7477206,7561113,7658329,7744389,7799943,7847876,7888710,7927145,7963949,8001144,8040015,8084072,8128325,8172214,8222662
Western Sahara,Northern Africa,0.53,0.41,0.65,0.53,0.41,0.65,0,0,0,0,0,0,0,0,0,0,0,0,0,0,0,0,0,0,0,0,0,0,0,0,0,0,0,0,0,0,0,0,0,0,0,0,0,0,0,0,0,0,0,0,0,0,0,0,0,0,0,0,0,0,0,0,0,0,0,0,0,0,0,0,0,0,0
Angola,"Africa (southern, eastern, western)",0.94,0.91,0.97,0.94,0.91,0.97,AGO,"Population ages 15-64, total",SP.POP.1564.TO,2929489,2947964,2961986,2973027,2977902,2979781,2979149,2974713,2972783,2984176,3016293,3078554,3177354,3297878,3425952,3557944,3692342,3834326,3985406,4141958,4305938,4475608,4649566,4827914,5007427,5186536,5363036,5533925,5706137,5885334,6070230,6259500,6451763,6645549,6848699,7072670,7314252,7568942,7832100,8101048,8382476,8678285,8988627,9317374,9665698,10028973,10405837,10798883,11205663,11626985,12069114,12532842,13014212,13510168,14019670,14540242,15083377,15651045,16229250,16823353,17417386,18020088,18643225,19283732
Botswana,"Africa (southern, eastern, western)",0.88,0.78,0.98,0.85,0.7,1,BWA,"Population ages 15-64, total",SP.POP.1564.TO,258774,261709,264896,268317,272766,274992,274005,272907,271888,271175,271641,276573,289032,307401,328157,349897,372566,396143,420658,446041,471768,496427,517712,536885,556582,576937,597903,619501,641956,665534,690293,716146,744282,774697,805803,837313,869357,901605,933544,965072,996249,1026961,1056697,1085463,1113887,1142326,1171271,1201411,1232906,1265019,1296818,1326859,1354844,1382815,1411719,1442111,1474947,1509630,1544215,1577834,1611382,1643461,1676627,1712687
Cameroon,"Africa (southern, eastern, western)",0.89,0.87,0.91,0.95,0.93,0.96,CMR,"Population ages 15-64, total",SP.POP.1564.TO,2923676,2950384,2991917,3045644,3095432,3147009,3203714,3262746,3324674,3390090,3459291,3532380,3609725,3691489,3777654,3868404,3955316,4038189,4134270,4239202,4380449,4544528,4623098,4679042,4799422,4940609,5088209,5241741,5395945,5552375,5717817,5888591,6064640,6250128,6443647,6643985,6853638,7073620,7299935,7528987,7762774,8006316,8264272,8530686,8800483,9073084,9349184,9639577,9943768,10254363,10570734,10890637,11217872,11559587,11963449,12402017,12814437,13206590,13606407,14034248,14474160,14923302,15386690,15869414
Democratic Republic of the Congo,"Africa (southern, eastern, western)",1,1,1,0,0,0,COD,"Population ages 15-64, total",SP.POP.1564.TO,8255955,8492566,8735715,8979559,9218426,9462479,9719354,9988659,10267068,10545561,10822599,11084175,11338596,11607905,11886867,12171378,12452828,12735487,13157588,13682252,14120575,14500966,14886652,15285707,15748547,16232114,16700459,17204206,17734551,18283761,18892109,19517105,20056749,20676253,21870425,22874029,23022211,23074747,23469236,24092224,24758314,25506150,26298298,27060446,27860623,28745016,29679780,30646012,31617848,32602707,33676139,34859554,36042076,37265648,38552131,39857726,41271767,42718391,44087884,45441388,46895823,48438607,50041821,51749918
Ethiopia,"Africa (southern, eastern, western)",0.77,0.75,0.79,0.81,0.79,0.83,ETH,"Population ages 15-64, total",SP.POP.1564.TO,11826165,12144912,12477627,12809039,13133531,13459816,13781672,14104331,14435141,14767157,15100792,15423891,15740383,16078968,16443052,16805064,17173530,17446044,17693256,17910396,17966905,18378871,19074192,19637495,20225974,20841055,21454424,22126207,22872103,23625179,24378488,25306664,26255130,27082543,27939064,28839954,29754494,30636014,31505992,32419918,33380131,34404804,35522706,36704384,37922984,39176833,40501323,41904878,43364378,44896266,46533575,48281304,50111192,51981291,53901969,55867552,57895064,59985968,62067687,64147672,66279326,68441736,70615185,72811431
Gabon,"Africa (southern, eastern, western)",0.93,0.88,0.98,0,0,0,GAB,"Population ages 15-64, total",SP.POP.1564.TO,312335,313976,315829,317727,319742,322164,324895,327788,330871,335303,340793,345903,350752,355681,360974,366724,372955,379677,386860,394437,402413,410832,419682,428996,438812,449186,460198,471851,484105,496929,510365,524470,539316,554965,571412,588744,607100,626418,646679,667934,690305,713941,738903,765288,793258,823039,854857,888670,924237,961372,1000174,1040614,1082486,1125185,1166762,1205425,1240618,1272870,1303743,1334534,1365646,1397191,1429309,1462392
Ghana,"Africa (southern, eastern, western)",1,1,1,0,0,0,GHA,"Population ages 15-64, total",SP.POP.1564.TO,3597798,3664503,3714399,3771672,3839178,3913330,3992054,4077436,4169111,4268974,4383614,4514264,4657650,4813269,4979699,5155356,5340033,5534592,5736726,5940864,6141951,6339493,6538602,6740489,6895872,7005431,7120814,7254806,7418739,7609833,7819508,8035181,8268985,8527123,8795742,9077060,9370634,9687166,10029789,10374839,10722997,11099866,11501424,11904276,12306846,12710515,13116164,13528348,13942987,14352729,14746366,15130695,15521628,15920252,16326827,16746083,17187227,17640373,18086170,18529159,18990581,19459598,19920727,20387003
Kenya,"Africa (southern, eastern, western)",0.39,0.34,0.43,0.39,0.34,0.43,KEN,"Population ages 15-64, total",SP.POP.1564.TO,3725576,3852655,3989156,4135967,4295413,4449815,4595044,4750300,4918424,5098354,5285940,5466512,5647320,5841708,6040901,6241758,6443171,6665343,6915372,7181021,7473259,7787822,8117179,8470101,8839546,9215291,9593605,9976920,10378447,10799544,11240896,11679268,12114919,12561368,13022300,13488613,13951108,14425897,14915278,15446878,16025655,16648251,17290047,17932845,18595887,19260397,19925957,20591639,21272698,21975064,22669400,23356651,24049126,24755047,25471220,26203416,26980523,27788382,28585926,29402826,30268153,31146668,32046684,32990012
Malawi,"Africa (southern, eastern, western)",1,1,1,0,0,0,MWI,"Population ages 15-64, total",SP.POP.1564.TO,1961580,2015696,2070781,2122920,2172696,2219480,2263099,2308157,2354476,2401824,2451604,2505820,2564676,2627869,2695594,2767791,2845233,2932406,3028284,3129754,3237271,3349749,3467033,3589463,3717297,3849929,3984145,4171324,4398376,4609342,4793933,4943733,5091414,5169843,5116170,5122762,5244239,5366528,5491612,5610484,5724286,5843250,5963929,6090646,6226893,6372086,6528495,6698379,6886546,7090086,7304667,7530545,7769193,8025475,8301034,8595711,8909538,9243011,9596190,9970119,10363487,10769524,11181843,11598965
Mozambique,"Africa (southern, eastern, western)",0.95,0.93,0.98,0.97,0.94,1,MOZ,"Population ages 15-64, total",SP.POP.1564.TO,3737619,3793461,3853160,3919115,3989539,4060505,4132293,4207871,4288383,4373767,4466945,4571412,4689835,4820626,4961653,5114059,5273900,5443607,5623746,5803633,5933860,6043527,6179898,6321880,6465393,6605899,6736337,6775020,6787690,6879327,7016310,7175343,7330203,7550824,7936060,8307153,8570779,8795173,8984485,9180443,9384685,9601410,9832005,10071449,10320509,10575492,10833752,11104548,11381066,11663901,11976231,12328939,12720757,13147107,13601883,14081467,14602011,15133399,15643162,16155310,16691707,17234266,17774048,18351167
Namibia,"Africa (southern, eastern, western)",0.93,0.89,0.96,0.87,0.8,0.94,NAM,"Population ages 15-64, total",SP.POP.1564.TO,313851,318941,324625,330756,337544,345155,353344,362190,371509,381283,391558,402118,413066,424039,435208,447094,457640,467338,469885,472711,479312,480087,487960,504905,523081,543327,566398,591597,620828,682544,742472,769810,795895,822892,850052,876795,903131,928508,953378,978367,1003336,1027805,1051396,1073843,1096167,1120728,1147163,1173699,1200004,1225722,1250196,1273122,1295744,1319382,1343988,1368791,1393116,1416809,1439969,1463037,1487578,1512169,1534823,1558462
Niger,"Africa (southern, eastern, western)",0.13,0.07,0.19,0.13,0.07,0.19,NER,"Population ages 15-64, total",SP.POP.1564.TO,1750038,1803293,1856257,1905692,1950527,2002046,2063017,2126120,2191243,2258125,2326760,2396609,2468156,2542244,2618959,2698933,2782016,2867987,2957324,3050221,3145323,3241622,3339270,3438517,3539715,3644715,3755802,3872300,3993764,4121356,4254998,4393241,4536097,4685540,4842872,5009856,5180016,5347108,5518141,5694308,5874510,6059460,6248398,6442915,6644224,6854468,7074702,7305428,7548264,7804855,8078095,8369511,8689408,9029922,9383245,9758173,10150650,10551055,10961996,11388161,11830026,12292016,12776544,13287075
Nigeria,"Africa (southern, eastern, western)",0.87,0.81,0.93,0,0,0,NGA,"Population ages 15-64, total",SP.POP.1564.TO,25010688,25531510,26058489,26567543,27046284,27549773,28092239,28627104,29168603,29731702,30327839,30944064,31578428,32255285,32984593,33778525,34623149,35532478,36491541,37476422,38512015,39546651,40554056,41417008,42308886,43374660,44458050,45602189,46831774,48149290,49552284,50976505,52433239,53976944,55584801,57214417,58854939,60537044,62257586,63994707,65737194,67490259,69254760,71029184,72842946,74688882,76561196,78494639,80490852,82560331,84736977,87026684,89395155,91825943,94334391,96892497,99550750,102395824,105337711,108324781,111445958,114665538,117970520,121418082
Republic of Congo,"Africa (southern, eastern, western)",0.93,0.88,0.98,0,0,0,COG,"Population ages 15-64, total",SP.POP.1564.TO,569958,582031,594435,607952,622579,637753,653710,670386,687807,706008,725018,744909,765657,787273,809686,830124,848628,867925,888207,909773,932748,956881,981362,1005857,1034603,1067664,1101416,1136368,1172163,1209586,1248394,1288222,1328360,1372048,1416595,1459109,1502645,1532239,1565369,1615478,1699978,1784897,1829663,1887576,1965394,2050388,2141440,2231089,2307930,2410145,2518588,2593573,2653141,2701056,2752500,2808201,2870177,2939095,3013042,3091439,3174994,3263441,3357077,3457164
Rwanda,"Africa (southern, eastern, western)",0.49,0.39,0.59,0.49,0.39,0.59,RWA,"Population ages 15-64, total",SP.POP.1564.TO,1442242,1466355,1489136,1510345,1539935,1585248,1641140,1706060,1776501,1848450,1920769,1992108,2063495,2136834,2211611,2287491,2363550,2437805,2509635,2585540,2670656,2765335,2866333,2957862,3038303,3128948,3237303,3350032,3444730,3515573,3584110,3660965,3753317,3890304,3243702,2666211,3204368,3724355,3923851,4051365,4177794,4302754,4432743,4580983,4738488,4889558,5035413,5179966,5326653,5479430,5640377,5806317,5973842,6143966,6319263,6502508,6701091,6911283,7123249,7340174,7568496,7803465,8036935,8268381
Senegal,"Africa (southern, eastern, western)",0.79,0.76,0.82,0,0,0,SEN,"Population ages 15-64, total",SP.POP.1564.TO,1755519,1802485,1850132,1897640,1944089,1996594,2057807,2122257,2189157,2257849,2328066,2399552,2471896,2544675,2615105,2679296,2736217,2783378,2825265,2870326,2920477,2976512,3038468,3105924,3178958,3260323,3352698,3453856,3561069,3674158,3793158,3918053,4048043,4181470,4315503,4447398,4576403,4703705,4832279,4964961,5102974,5245951,5393548,5544640,5699074,5858718,6022403,6188958,6359242,6532629,6709671,6892159,7081224,7277456,7487751,7711881,7946265,8193488,8451771,8719458,9000711,9296026,9595171,9898917
Somalia,"Africa (southern, eastern, western)",0.94,0.88,0.99,0.94,0.88,0.99,SOM,"Population ages 15-64, total",SP.POP.1564.TO,1507305,1538696,1572562,1608396,1646907,1691465,1740240,1789830,1840420,1891872,1944493,1997622,2051646,2107553,2164002,2220580,2277843,2338502,2507963,2834333,3081491,3095971,3095428,3184372,3290240,3412589,3541666,3654384,3636867,3551138,3511901,3386067,3266722,3375176,3536832,3654381,3778345,3903460,4059471,4217976,4381416,4550847,4714524,4879493,5045126,5194333,5316299,5454457,5613726,5765370,5924533,6032317,6155187,6370150,6606587,6839637,7108393,7401161,7685106,7982608,8275858,8558587,8845479,9142998
South Africa,"Africa (southern, eastern, western)",0.81,0.77,0.84,0.77,0.72,0.81,ZAF,"Population ages 15-64, total",SP.POP.1564.TO,8948630,9231161,9526028,9838331,10151908,10463707,10783326,11113201,11455927,11805826,12159495,12533784,12939162,13365110,13796058,14227169,14654375,15122832,15643393,16166039,16688228,17178356,17656970,18187857,18774776,19428801,20167718,20932853,21663380,22356476,22986083,23467984,23818107,24169268,24599019,25102745,25648188,26274353,26965319,27664706,28369978,29081144,29803907,30511731,31175478,31776293,32331020,32862272,33370739,33868111,34370007,34866342,35323461,35741766,36262376,37041896,37274755,37200003,37537017,37933572,38374016,38815753,39264163,39782308
Sudan,"Africa (southern, eastern, western)",0.55,0.53,0.57,0.53,0.5,0.55,SDN,"Population ages 15-64, total",SP.POP.1564.TO,4230265,4352232,4480434,4610907,4746593,4889282,5030236,5171873,5320326,5473783,5633116,5803946,5987754,6187948,6435119,6724353,7022824,7339539,7678164,8031913,8403883,8791578,9169459,9478028,9683913,9837334,9991450,10124152,10199023,10296037,10452501,10611383,10760542,10963924,11280903,11648982,12034494,12453818,12879721,13329170,13811387,14273212,14702421,15125396,15580380,16095021,16652535,17223504,17773461,18300639,18720308,19028889,19387074,19815370,20389848,21080645,21786379,22561585,23331283,24007879,24657520,25335228,26048486,26807499
Tanzania,"Africa (southern, eastern, western)",0.45,0.41,0.49,0.45,0.41,0.49,TZA,"Population ages 15-64, total",SP.POP.1564.TO,5233949,5389879,5551923,5711665,5867986,6025619,6189147,6359901,6553948,6772296,7000178,7237913,7492173,7756201,8022849,8298085,8582889,8875364,9163754,9436623,9693561,9951010,10223141,10541315,10879239,11246584,11653859,12084494,12500280,12884996,13286880,13692935,14104949,14613975,15241885,15801304,16185160,16589103,17075598,17574658,18111015,18633992,19142473,19662048,20193702,20735332,21288510,21855542,22415138,22929573,23479945,24131737,24841137,25611960,26440771,27366367,28384723,29438314,30500299,31572788,32700277,33876659,35066910,36272455
Uganda,"Africa (southern, eastern, western)",0.87,0.8,0.94,0.91,0.85,0.98,UGA,"Population ages 15-64, total",SP.POP.1564.TO,3912121,4001548,4102411,4218209,4350447,4491516,4635255,4783574,4936893,5090000,5237442,5371949,5479618,5577551,5694544,5826552,5965945,6114041,6270867,6407542,6516128,6635798,6785295,6958407,7159317,7372159,7590611,7829003,8077370,8332920,8591978,8862614,9156503,9460085,9751861,9939696,10136090,10384879,10662642,11010700,11358715,11709727,12095458,12506810,12900323,13301770,13727841,14183282,14665945,15168862,15692449,16232610,16789396,17366716,18003206,18717893,19556754,20492668,21429190,22399621,23385723,24362660,25290128,26163266
Zambia,"Africa (southern, eastern, western)",1,1,1,0,0,0,ZMB,"Population ages 15-64, total",SP.POP.1564.TO,1597324,1642027,1687754,1733446,1780051,1829717,1882087,1936662,1993636,2050476,2098576,2140820,2186412,2235863,2289534,2347489,2409788,2476356,2546843,2621256,2701106,2790021,2891807,2998270,3101188,3205151,3314384,3423768,3529328,3632665,3734859,3836441,3936602,4036856,4139211,4242982,4351350,4471542,4598257,4731564,4881644,5057305,5242015,5431530,5630926,5844221,6075107,6321221,6581663,6851648,7126462,7398220,7674249,7963177,8267559,8583354,8909618,9247773,9597499,9959989,10332596,10709967,11088982,11474311
Austria,"Europe (western, southern, northern)",0.22,0.19,0.25,0.22,0.19,0.25,AUT,"Population ages 15-64, total",SP.POP.1564.TO,4633265,4617690,4615737,4620920,4619535,4615259,4614238,4615958,4609383,4598618,4597890,4611662,4640698,4676463,4694173,4692362,4707837,4741844,4772679,4802105,4846328,4914857,4979548,5033355,5082055,5109326,5122590,5127529,5130120,5148524,5185162,5232760,5284193,5319765,5330400,5330655,5336622,5347896,5362014,5383919,5411062,5448046,5491630,5532119,5561678,5577847,5587256,5598503,5616074,5629260,5648587,5675763,5696737,5719020,5753902,5812079,5866325,5893061,5906977,5918009,5925020,5926351,5950883,5974693
Belgium,"Europe (western, southern, northern)",0.15,0.13,0.17,0.15,0.13,0.17,BEL,"Population ages 15-64, total",SP.POP.1564.TO,5889316,5886018,5893426,5924102,5963608,5998484,6020767,6039466,6057818,6074963,6081952,6096517,6128002,6161837,6204402,6250495,6293685,6331230,6364225,6399672,6442076,6487538,6537760,6590223,6629738,6646669,6651137,6654808,6666199,6674483,6673010,6673807,6679959,6689623,6697475,6698372,6697743,6701076,6705137,6713345,6723820,6743920,6774608,6805014,6836408,6881331,6944194,7013018,7073628,7123379,7176760,7249661,7267828,7277628,7285273,7306314,7325397,7333843,7346245,7366035,7384578,7402978,7448221,7515294
Denmark,"Europe (western, southern, northern)",0.04,0,0.09,0.04,0,0.09,DNK,"Population ages 15-64, total",SP.POP.1564.TO,2940617,2976218,3012059,3041799,3065082,3084639,3102047,3118640,3133691,3149757,3172152,3191505,3205183,3219554,3229500,3234433,3242225,3255808,3273393,3294154,3316051,3338634,3359432,3374547,3386581,3397571,3409935,3426050,3438973,3448781,3462107,3476601,3488806,3499894,3510374,3525189,3539628,3547207,3552376,3556408,3560844,3567227,3573414,3578487,3583778,3590112,3598201,3608446,3620404,3627842,3629335,3627006,3624206,3627270,3637286,3656091,3677758,3693665,3704032,3710063,3713686,3722898,3745673,3766438
Finland,"Europe (western, southern, northern)",0.19,0.18,0.2,0.19,0.18,0.2,FIN,"Population ages 15-64, total",SP.POP.1564.TO,2758982,2800637,2847308,2893075,2929871,2957576,2983517,3013503,3041209,3050645,3050589,3070070,3103738,3132676,3156498,3174221,3185506,3195107,3207298,3220857,3236466,3257494,3281958,3304833,3325745,3338646,3342962,3345440,3344810,3346792,3355727,3369870,3384938,3396122,3403789,3409589,3416505,3426968,3441552,3455387,3464352,3471758,3478324,3483581,3488772,3499298,3507266,3518847,3536864,3547864,3549606,3539610,3524876,3508386,3491693,3475929,3463631,3451227,3437072,3426873,3419944,3417691,3419917,3432594
France,"Europe (western, southern, northern)",0.36,0.32,0.39,0.25,0.17,0.33,FRA,"Population ages 15-64, total",SP.POP.1564.TO,28965834,29238690,29614124,30008256,30403202,30785218,31136220,31458818,31764862,32056417,32340743,32616494,32884589,33140342,33388573,33634646,33891698,34147892,34400960,34676025,35037746,35513684,36007853,36466611,36890957,37193165,37404486,37644930,37881863,38080277,38220053,38470417,38583290,38699432,38807704,38922858,39046559,39173831,39288628,39446754,39677855,39940381,40220123,40511430,40808634,41120722,41435583,41694810,41868249,41982175,42084351,42095743,42005760,41924226,41834284,41731092,41634728,41566422,41540363,41525825,41514540,41541802,41559412,41555782
Germany,"Europe (western, southern, northern)",0.16,0.15,0.18,0.16,0.15,0.18,DEU,"Population ages 15-64, total",SP.POP.1564.TO,49087200,48967259,48955708,49014231,49033259,49114828,49198400,49098900,49056075,49255985,49281574,49296569,49534072,49778985,49962659,50020033,50123464,50335783,50630716,51039669,51621171,52327724,52983012,53523737,53841127,53933079,53999475,54051619,54167870,54462370,54775060,55022968,55331456,55584804,55678803,55783193,55926158,56014679,56031389,55988420,55870870,55754780,55661657,55504907,55245312,54928804,54601018,54364149,54181517,53968471,53930401,53064867,53223281,53359211,53484793,53786433,54016360,53973322,53871540,53703580,53459730,53209258,53319483,53447147
Greece,"Europe (western, southern, northern)",0.55,0.52,0.59,0.75,0.7,0.79,GRC,"Population ages 15-64, total",SP.POP.1564.TO,5444876,5480708,5507858,5522114,5532975,5543158,5562575,5585940,5603478,5610240,5613357,5630134,5659115,5675682,5685081,5723161,5795753,5859737,5930916,6007439,6079066,6157370,6228922,6304494,6377993,6447923,6514337,6577693,6638578,6707163,6810393,6920739,6997746,7059651,7116272,7173674,7226074,7274950,7323934,7355477,7381435,7407059,7414777,7410994,7406506,7400093,7397524,7401422,7402118,7391000,7360393,7304091,7224390,7140124,7065107,6995156,6942178,6905510,6872299,6845559,6808717,6704221,6601149,6553774
Ireland,"Europe (western, southern, northern)",0.04,-0.01,0.09,0.04,-0.01,0.09,IRL,"Population ages 15-64, total",SP.POP.1564.TO,1633132,1630597,1643895,1659508,1665062,1661110,1662595,1672755,1683632,1695153,1707872,1726744,1755721,1788124,1820712,1852727,1882535,1911066,1943980,1976123,2003242,2031002,2056220,2078538,2099623,2112790,2124618,2134971,2135549,2139005,2157350,2188713,2222789,2254521,2286474,2323663,2367563,2414388,2459420,2504479,2553492,2609285,2666451,2718146,2774986,2847567,2942068,3036843,3088703,3095102,3080449,3063271,3051045,3047390,3058075,3080857,3110739,3141774,3178909,3222077,3254350,3284530,3346995,3437627
Italy,"Europe (western, southern, northern)",0.72,0.71,0.74,0.72,0.7,0.74,ITA,"Population ages 15-64, total",SP.POP.1564.TO,32869781,33045989,33310686,33607375,33871314,34082042,34244632,34360674,34447405,34513051,34569182,34621413,34717690,34864065,35019034,35203501,35402275,35600015,35809874,36058794,36395980,36780294,37171841,37586542,37971641,38205166,38335343,38472953,38602014,38733903,38855827,39064138,39201752,39161042,39095158,38977750,38847942,38744783,38637019,38513718,38388464,38273154,38184023,38224559,38343139,38356918,38318239,38435856,38648892,38762126,38830477,38780536,38703235,38985081,39180526,39023708,38880651,38770686,38658939,38153861,37904109,37648780,37436702,37220077
Netherlands,"Europe (western, southern, northern)",0.12,0.11,0.12,0.1,0.1,0.11,NLD,"Population ages 15-64, total",SP.POP.1564.TO,7010862,7123884,7274892,7408523,7527451,7643475,7754912,7853661,7946303,8046139,8153199,8265493,8374278,8479604,8592720,8724810,8858193,8976889,9096160,9225842,9365632,9493787,9601280,9705971,9817954,9925234,10021165,10112289,10187104,10244770,10303618,10366385,10425388,10480716,10527480,10564331,10601617,10641028,10686744,10739730,10800244,10869275,10931210,10973804,10999794,11016609,11031473,11051655,11079502,11109811,11139436,11136315,11101082,11078304,11077603,11098316,11135885,11176625,11216475,11262366,11293838,11316863,11374713,11429674
Norway,"Europe (western, southern, northern)",0.12,0.08,0.16,0.12,0.08,0.16,NOR,"Population ages 15-64, total",SP.POP.1564.TO,2257635,2279903,2304127,2324506,2341383,2355766,2368562,2382558,2398319,2413759,2428280,2443749,2461025,2477161,2491842,2505386,2518674,2532144,2545801,2560654,2577037,2595574,2614396,2632458,2652161,2668949,2684327,2705023,2725352,2737787,2746374,2757657,2771010,2786174,2801574,2815342,2828784,2844392,2864099,2888005,2911610,2932188,2955266,2980551,3006006,3035172,3070301,3113061,3159344,3199966,3237006,3275246,3313697,3349005,3382146,3411090,3434222,3452963,3467292,3485000,3499828,3511912,3539342,3577878
Portugal,"Europe (western, southern, northern)",0.4,0.33,0.47,0.4,0.33,0.47,PRT,"Population ages 15-64, total",SP.POP.1564.TO,5559772,5609941,5641946,5658095,5654853,5608879,5539887,5487646,5449549,5391062,5350820,5338897,5335320,5347494,5435024,5648555,5809598,5875133,5949920,6033716,6125142,6209501,6277520,6337978,6395527,6441234,6473591,6502452,6528171,6552147,6577865,6605083,6632060,6659590,6693478,6731709,6768191,6805271,6842846,6883771,6932040,6972091,6995060,7005659,7005027,7003552,7008671,7018446,7021239,7014042,7002934,6976649,6928360,6865257,6802696,6754716,6710327,6667487,6635449,6619299,6611510,6641522,6653926,6702553
Spain,"Europe (western, southern, northern)",0.29,0.27,0.31,0.28,0.25,0.32,ESP,"Population ages 15-64, total",SP.POP.1564.TO,19604291,19743442,19876289,20039064,20214758,20348305,20453024,20623889,20822941,20957879,21122528,21328613,21540919,21770233,22028162,22288226,22522057,22759256,23012613,23290437,23572727,23863568,24152308,24412498,24658317,24886096,25091112,25283637,25466728,25646385,25829081,26059081,26339989,26616496,26870866,27091869,27283087,27450907,27588928,27712698,27827997,27974777,28359843,28929865,29524610,30062646,30560758,31152612,31604262,31740573,31708922,31650627,31505596,31201239,30917313,30773032,30717059,30715847,30814187,31046581,31229056,31289780,31503646,31829313
Sweden,"Europe (western, southern, northern)",0.07,0.04,0.09,0.07,0.04,0.09,SWE,"Population ages 15-64, total",SP.POP.1564.TO,4927511,4972641,5018305,5058497,5098349,5138475,5171550,5192090,5206410,5230779,5264846,5283691,5280306,5269808,5263531,5263730,5268095,5276515,5287578,5304303,5327121,5349371,5368741,5383830,5395614,5399714,5402782,5417246,5438941,5469632,5502023,5524992,5542327,5560607,5590492,5617694,5630760,5642084,5657246,5677856,5705560,5740198,5778058,5818303,5858520,5902015,5955758,6009971,6052458,6085118,6105521,6112322,6115482,6125446,6147147,6179135,6230295,6293336,6350231,6402513,6442152,6476727,6517761,6548896
United Kingdom,"Europe (western, southern, northern)",0.08,0.07,0.09,0.08,0.08,0.09,GBR,"Population ages 15-64, total",SP.POP.1564.TO,34016266,34243002,34556057,34811820,34943932,35005008,35015160,35014507,35012069,35005217,34993908,35003979,35038760,35087109,35135244,35206853,35328740,35482007,35654216,35855496,36065048,36259976,36469549,36721189,36946981,37083251,37177914,37249244,37291007,37330075,37357165,37365340,37360523,37377462,37449814,37564330,37687892,37814737,37976019,38179615,38411614,38661576,38933315,39224731,39543896,39917314,40315048,40682733,40985517,41224543,41444114,41607173,41663167,41710813,41827620,41987013,42139473,42264767,42381437,42504702,42589297,42509878,42954679,43282686
